time,10Y2Y_Yield,US CLI,ISM New Orders,Building Permits,Consumer Confidence,PMI,4-Week MA Initial Unemployment Claims,SP500
6/1/77,1.219770896,1.480334567,1.083197632,0.109767556,NaN,1.200559302,0.233743919,-0.734505949
7/1/77,1.001954665,1.433756281,1.190180114,0.082085085,NaN,1.359456857,0.194151617,-0.784549064
8/1/77,0.751465998,1.366247247,1.176807304,0.083194113,-0.832503968,0.865108909,0.156963303,-0.881000095
9/1/77,0.642557883,1.298369714,0.936096719,0.030131003,NaN,0.68855607,0.120222313,-1.156697007
10/1/77,0.424741651,1.241841952,0.949469529,0.054030713,NaN,0.953385328,0.146211123,-1.282145459
11/1/77,0.479195709,1.197769461,1.230298545,0.03624494,-1.180641992,1.076972315,0.190409756,-1.083688709
12/1/77,0.609885448,1.170132028,1.430890699,0.037183746,NaN,1.730217818,0.14515685,-1.360440915
1/1/78,0.511868144,1.167184036,1.417517888,0.043214344,-1.22798031,1.306491005,0.164173237,-1.425106389
2/1/78,0.511868144,1.196811363,0.829114237,0.026085514,-1.182778581,1.041661748,-0.153662556,-1.442622868
3/1/78,0.490086521,1.28340865,0.882605478,0.41515577,-1.597127765,0.882764193,0.128440693,-1.225010935
4/1/78,0.294051912,1.40567665,1.364026647,0.860178861,-1.386186362,1.359456857,0.308108753,-0.737237376
5/1/78,0.326724347,1.529492347,1.858820627,0.291295915,-1.288249282,1.800838953,0.249561594,-0.560332869
6/1/78,0.152471362,1.623385916,1.818702196,0.653705658,-1.506724307,1.853804805,0.248824724,-0.945100087
7/1/78,0.098017304,1.669448303,1.965803109,0.290954097,-1.32591739,2.153944631,0.006954251,-0.516996896
8/1/78,-0.076235681,1.660751724,1.51112756,-0.247898769,-1.627262251,1.818494237,0.011028762,-0.208356436
9/1/78,-0.152471362,1.598917576,1.51112756,0.22805502,-1.47658982,1.853804805,0.190391266,-0.240670096
10/1/78,-0.577213013,1.489178545,1.176807304,0.064865434,-1.559459657,1.78318367,0.137633818,-0.578524432
11/1/78,-0.751465998,1.347306394,1.591364422,0.067188825,-1.883405383,1.995047076,0.100744472,-0.642591148
12/1/78,-0.90393736,1.199980455,1.323908217,0.180906741,-2.5538977,1.659596683,-0.083573076,-0.566848976
1/1/79,-0.751465998,1.069015877,0.97621515,-0.794985707,-2.101880408,1.500699128,-0.144090326,0.121912576
2/1/79,-0.784138433,0.94136779,1.150061683,-0.69685829,-1.96627522,1.447733276,-0.172821843,0.036604581
3/1/79,-0.664339506,0.794262951,0.895978288,-0.217720987,-2.380624404,1.359456857,-0.167305009,0.242617537
4/1/79,-0.609885448,0.617530785,0.682013324,-0.893351826,-2.561431321,1.094627599,-0.599859009,-0.312339003
5/1/79,-0.544540579,0.425469056,0.280829016,-0.230211767,-2.403225269,0.77683249,0.014719035,-0.51441111
6/1/79,-0.174252985,0.226111045,-0.080236862,-0.857582226,-2.576498564,0.476692664,-0.112402158,-0.145969543
7/1/79,-0.326724347,0.028816629,-0.026745621,-0.699557556,-2.983314127,0.22951869,-0.206111509,-0.437564051
8/1/79,-0.653448694,-0.158012412,-0.414557118,-0.293197834,-2.674435644,-0.088276419,-0.296360017,-0.265184967
9/1/79,-0.718793564,-0.341303862,-0.173846533,-0.319960718,-2.50869597,-0.070621135,-0.175728522,-0.216288367
10/1/79,-1.459368751,-0.535650285,-0.361065877,-0.835144645,-2.855242561,-0.176552839,-0.265196426,-0.046029063
11/1/79,-1.034627099,-0.742820477,-0.468048359,-1.433531599,-2.764839102,-0.353105677,-0.293937951,0.130439331
12/1/79,-0.980173041,-0.95765545,-0.762250185,-1.538117774,-2.938112398,-0.918074761,-0.379222882,0.143541634
1/1/80,-0.675230317,-1.178681207,-0.387811498,-0.614232405,-2.486095106,-0.670900787,-0.202031468,0.326200872
2/1/80,-2.189053126,-1.41820562,0.213964964,-0.973650661,-2.493628727,0.035310568,-0.190011438,0.506273576
3/1/80,-2.167271503,-1.64623286,-0.829114237,-2.110022079,-3.277125367,-1.129938167,-0.304211654,-0.602843893
4/1/80,-0.054454058,-1.77262805,-2.407105848,-2.44949441,-3.563402985,-2.224565766,-0.90132943,-0.352748041
5/1/80,1.089081157,-1.729734755,-3.262965705,-2.423048537,-3.6387392,-3.636988475,-1.37877029,0.141273718
6/1/80,1.219770896,-1.492052838,-3.450185049,-1.578087285,-3.111385693,-3.47809092,-1.046379297,0.061479139
7/1/80,1.132644403,-1.11249877,-1.858820627,-0.888815664,-2.840175318,-2.648292579,-0.599149952,0.452773247
8/1/80,0.20692542,-0.685260918,0.548285221,-0.698043045,-2.463494241,-0.794487774,-0.253317411,0.120661443
9/1/80,-0.294051912,-0.311529135,0.5215396,-0.466134437,-1.981342463,0.017655284,0.026163226,0.299776233
10/1/80,-0.675230317,-0.064561042,1.832075007,-0.38498796,-1.883405383,0.971040612,0.326890022,0.957264075
11/1/80,-1.535604432,0.036334011,2.046039971,0.415754989,-1.755333817,1.447733276,0.496106615,1.410447842
12/1/80,-0.686121129,0.02439464,0.160473723,-0.019768642,-2.674435644,0.529658516,0.493028392,0.994029364
1/1/81,-0.631667071,-0.04466209,-0.173846533,-0.228531678,-2.154615758,-0.141242271,0.469069743,0.157812434
2/1/81,-0.707902752,-0.133101873,0.147100913,0,-2.493628727,-0.211863406,0.379096078,0.344703927
3/1/81,-0.043563246,-0.222426054,0.026745621,0.978547772,-2.523763213,-0.070621135,0.499012498,1.464109125
4/1/81,-0.795029245,-0.335702676,0.414557118,2.34399331,-2.079279543,0.282484542,0.427019471,0.945612959
5/1/81,-0.980173041,-0.494083587,0.762250185,1.796618255,-1.785468303,0.617934935,0.278589724,0.578357478
6/1/81,-0.871264926,-0.685997917,0.133728103,-0.629724959,-2.026544192,0.123586987,0.077353436,0.304349389
7/1/81,-1.274224954,-0.886092925,-0.320947446,-1.27592059,-1.951207977,-0.582624367,0.018999752,-0.15372581
8/1/81,-1.437587127,-1.090904723,-0.374438688,-1.733659276,-1.717665709,-0.300139826,-0.119414171,-0.612770509
9/1/81,-0.925718984,-1.31620507,-1.043079201,-2.128187544,-2.026544192,-1.324146289,-0.338993411,-1.102074055
10/1/81,0.043563246,-1.55263409,-1.310535406,-2.304768935,-2.237485595,-1.765528386,-0.448910923,-0.910432119
11/1/81,0.838592491,-1.78493592,-2.300123366,-2.276438442,-2.825108075,-2.454084456,-0.507819743,-1.270875587
12/1/81,0.381178405,-1.995422603,-1.457636319,-1.798208844,-2.689502887,-2.153944631,-0.682796438,-1.24854288
1/1/82,-0.108908116,-2.193527717,-1.350653837,-1.733870177,-2.184750244,-2.083323495,-0.554972692,-1.080053226
2/1/82,-0.446523274,-2.392590928,-1.524500371,-1.616820995,-2.523763213,-2.065668211,-0.411877071,-1.507747311
3/1/82,-0.370287593,-2.571681489,-1.283789786,-1.223777523,-2.862776182,-2.330497469,-0.467314155,-1.750447778
4/1/82,-0.130689739,-2.696528983,-1.216925734,-1.258242491,-2.599099429,-2.153944631,-0.551272051,-1.41498393
5/1/82,0.098017304,-2.75460444,-1.591364422,-0.929884555,-2.448426998,-2.560016159,-0.443950083,-1.662448293
6/1/82,-0.239597855,-2.740969973,-1.069824821,-0.320033247,-2.584032186,-2.065668211,-0.43150557,-1.673747102
7/1/82,0.55543139,-2.66491176,-1.243671355,0.577988573,-2.60663305,-2.048012927,-0.186084989,-1.783639481
8/1/82,0.893046549,-2.536747775,-1.323908217,0.206349931,-2.60663305,-2.065668211,-0.426660393,-0.802657135
9/1/82,0.544540579,-2.353456324,-1.283789786,1.141446516,-2.312821811,-1.977391792,-0.499780944,-0.403414352
10/1/82,0.936609795,-2.119238299,-1.083197632,2.835066632,-2.003943328,-1.871460089,-0.322645672,-0.020895739
11/1/82,0.90393736,-1.82539712,-1.136688873,3.188216787,-2.101880408,-1.906770657,-0.033266061,-0.025038218
12/1/82,0.958391418,-1.465668303,-0.534912411,3.456879817,-2.116947651,-1.271180438,0.326370704,0.298451772
1/1/83,1.328679012,-1.049780224,0.040118431,3.946398537,-2.229951974,-0.706211354,0.470274871,0.672366091
2/1/83,1.045517911,-0.597779233,1.417517888,4.068239697,-1.913539869,0.77683249,0.474665265,1.317220936
3/1/83,0.816810868,-0.132438575,1.444263509,3.249671853,-1.446455334,0.68855607,0.491547466,1.679146514
4/1/83,1.001954665,0.322141909,1.257044165,3.785481201,-0.821164747,0.741521922,0.363965055,1.969330469
5/1/83,0.860374114,0.740314683,1.577991612,3.724984649,-0.504752643,1.076972315,0.478784187,2.290388979
6/1/83,0.795029245,1.098053605,1.644855663,4.648441318,-0.58762248,1.324146289,0.551960568,2.737194783
7/1/83,0.795029245,1.383419305,2.714680484,3.566512939,-0.54242075,2.401118605,0.71846701,2.63780696
8/1/83,0.871264926,1.596632882,2.420478659,4.213743653,-0.685559559,2.312842185,0.454747599,1.738614679
9/1/83,0.991063853,1.752434299,2.260004935,2.583666632,-0.760895775,2.206910482,0.512049682,1.760549938
10/1/83,1.230661708,1.856572144,2.607698002,2.446624925,-0.806097504,2.542360875,0.462160456,0.775117705
11/1/83,1.045517911,1.913026205,2.567579571,1.770993646,-0.670492316,2.824845417,0.412422152,0.63636921
12/1/83,1.056408722,1.923565279,3.316456946,1.01288024,-0.436950049,3.513401488,0.494018398,0.456975934
1/1/84,1.187098461,1.891211059,1.832075007,1.355968021,0.007533622,1.853804805,0.557654906,0.153770182
2/1/84,1.143535215,1.808225062,1.99254873,1.739167434,-0.19587416,1.995047076,0.569100271,-0.249529727
3/1/84,1.012845476,1.669374603,1.457636319,0.84033481,0.075336215,1.571320263,0.451506994,-0.377080461
4/1/84,1.012845476,1.480703066,1.765210955,0.664862599,-0.29381124,1.942081224,0.193983054,-0.802568819
5/1/84,0.991063853,1.263878198,1.230298545,0.213885097,-0.143138809,1.518354412,0.198674075,-1.094465934
6/1/84,0.729684375,1.036514256,1.404145078,0.126121477,-0.339012969,1.430077992,0.124501825,-1.194896662
7/1/84,0.370287593,0.821974083,0.548285221,-0.524799622,-0.256143132,1.076972315,0.116102566,-1.096315669
8/1/84,0.272270289,0.634481743,0.534912411,-0.529661117,-0.067802594,0.529658516,-0.156354941,-0.546332173
9/1/84,0.435632463,0.486418806,-0.374438688,-0.193939731,0.067802594,0,-0.235187488,-0.632790794
10/1/84,0.76235681,0.382649461,0.387811498,-0.652973447,-0.278743997,0.141242271,-0.397112142,-0.535835549
11/1/84,1.17620765,0.312929432,0.267456205,-0.074310183,-0.323945726,0.052965852,-0.284310138,-0.740603348
12/1/84,1.66629417,0.261265859,0.374438688,-0.003047311,-0.534887129,0.105931703,-0.066626342,-0.54546475
1/1/85,1.38313307,0.221320557,0.240710585,-0.425905374,-0.301344861,0.052965852,0.037709356,-0.007394165
2/1/85,1.361351446,0.183659949,0.240710585,-0.810942123,-0.474618157,-0.017655284,-0.097931247,0.336089057
3/1/85,1.328679012,0.152632325,-0.120355292,0.005748377,-0.474618157,-0.388416245,0.002352931,0.218412649
4/1/85,1.633621736,0.127353287,0.173846533,-0.312665114,-0.406815563,-0.317795109,-0.104549566,0.147132181
5/1/85,1.481150374,0.105095942,-0.066864051,-0.091128784,-0.617756966,-0.512003232,-0.038476284,1.003170705
6/1/85,1.720748228,0.086081389,0.093609672,-0.26785093,-0.263676754,-0.388416245,-0.014997751,0.960630436
7/1/85,1.698966605,0.062865946,0.334320257,0.284195473,-0.452017292,-0.370760961,0.107050769,1.053962223
8/1/85,1.437587127,0.042082597,0.240710585,0.900860886,-0.572555236,-0.406071529,-0.084301486,0.197871028
9/1/85,1.557386055,0.027342633,0.615149272,1.279372504,-0.595156101,-0.017655284,-0.114493335,-0.026249626
10/1/85,1.426696316,0.023215443,0.454675549,0.841857564,-0.873900098,0.158897555,-0.102045155,0.268519166
11/1/85,1.230661708,0.034270416,0.962842339,0.147864147,-0.685559559,0.353105677,-0.00558656,0.856163146
12/1/85,1.11086278,0.057559559,0.641894893,0.512263139,-0.459550913,0.123586987,0.051883501,1.029390918
1/1/86,1.187098461,0.076721512,0.895978288,0.558518913,-0.331479347,0.211863406,0.195221771,0.496570555
2/1/86,0.457414086,0.083207096,0.949469529,0.313229491,-0.308878483,0.176552839,0.159661429,0.960681098
3/1/86,0.511868144,0.07745851,0.601776462,0.152155585,-0.369147455,0.176552839,0.054813609,1.402307099
4/1/86,0.598994636,0.066403537,0.588403652,0.578033187,-0.286277618,-0.052965852,0.02284504,1.322138426
5/1/86,0.751465998,0.053432369,1.48438194,0.255296567,-0.39174832,0.600279651,0.027363129,1.291274598
6/1/86,0.588103825,0.029922127,0.708758944,0.213805465,-0.052735351,0.088276419,0.124961697,1.308232477
7/1/86,0.838592491,-0.007001483,0.160473723,0.242493787,-0.173273295,-0.353105677,0.18275177,0.861464756
8/1/86,1.099971969,-0.046946785,1.123316063,-0.224863928,-0.384214698,0.45903738,-0.163303288,1.519194857
9/1/86,1.165316838,-0.083796694,0.97621515,-0.595164059,-0.610223344,0.423726813,-0.094034522,1.074214905
10/1/86,1.17620765,-0.110402329,0.601776462,-0.193426463,-0.331479347,0.211863406,-0.010611868,1.168280938
11/1/86,1.023736288,-0.110254929,0.936096719,-0.140651784,-0.647891452,0.211863406,0.134263194,0.836051102
12/1/86,0.958391418,-0.063013345,0.722131754,0.301237077,-0.821164747,0.088276419,0.155528206,0.289252191
1/1/87,0.925718984,0.041124499,1.310535406,-0.421441329,-0.723227667,0.865108909,0.202949762,1.224182695
2/1/87,0.914828172,0.190071834,0.722131754,-0.218857996,-0.73829491,0.45903738,0.210248254,0.960476703
3/1/87,1.056408722,0.359065519,1.551245991,-0.211688836,-0.693093181,0.882764193,0.307501637,0.762073731
4/1/87,0.90393736,0.519067826,1.310535406,-0.685790997,-0.54242075,0.971040612,0.250848312,0.782912686
5/1/87,0.871264926,0.653717396,1.791956576,-0.819431657,-0.670492316,1.271180438,0.25873169,0.457743711
6/1/87,0.980173041,0.749011262,1.49775475,-0.742311397,-0.64035783,1.306491005,0.304648594,0.704688929
7/1/87,1.121753592,0.790209461,1.872193438,-0.735340168,-0.474618157,1.324146289,0.302807362,1.574078321
8/1/87,1.121753592,0.762203529,1.698346904,-0.61759253,-0.421882806,1.641941399,0.239083484,1.285485501
9/1/87,1.121753592,0.669415457,1.618110042,-0.505795827,-0.482151778,1.765528386,0.272330485,1.837523453
10/1/87,1.415805504,0.534471088,2.046039971,-0.674876648,-0.806097504,1.889115373,0.306253236,-0.431738799
11/1/87,1.372242258,0.396578727,1.243671355,-0.56395462,-1.273182039,1.553664979,0.200614637,-1.113199367
12/1/87,1.154426027,0.299368665,1.537873181,-1.453783637,-0.994438042,1.942081224,0.057248538,-0.505339849
1/1/88,1.132644403,0.24858949,1.377399458,-1.308436106,-0.693093181,1.324146289,-0.160689217,-1.025941106
2/1/88,1.121753592,0.238271515,0.936096719,-0.736797999,-0.632824209,1.094627599,0.025421844,-0.997980291
3/1/88,1.263334142,0.260160362,1.056452011,-0.520820183,-0.406815563,0.812143057,0.131458009,-1.344391087
4/1/88,1.241552519,0.303422155,1.01633358,-0.532649447,-0.662958695,1.024006464,0.040368038,-1.225813329
5/1/88,1.078190346,0.358328521,1.029706391,-0.185097747,-0.39174832,0.971040612,0.018952615,-1.24270964
6/1/88,0.871264926,0.409107696,1.818702196,-0.120528968,-0.399281941,1.641941399,0.061568795,-1.26764923
7/1/88,0.795029245,0.439619421,1.417517888,-0.251823288,-0.497219021,1.447733276,-0.104752458,-1.558616105
8/1/88,0.588103825,0.452959088,1.230298545,-0.167343974,-0.19587416,1.059317031,-0.001226879,-1.94149234
9/1/88,0.479195709,0.45620188,1.150061683,-0.2554307,-0.203407781,0.794487774,0.095215494,-1.613686692
10/1/88,0.435632463,0.455464882,0.962842339,0.236420388,-0.44448367,0.953385328,0.218977407,0.047904833
11/1/88,0.239597855,0.451042893,1.123316063,0.173546153,-0.527353507,0.988695896,0.21395004,0.555791911
12/1/88,0,0.436966228,1.203552924,0.575051419,-0.610223344,1.059317031,0.1783286,0.149067162
1/1/89,-0.119798927,0.396726126,0.97621515,0.884783387,-0.158206052,0.829798341,0.160601513,0.358971183
2/1/89,-0.250488666,0.316909222,0.97621515,-0.189630491,-0.346546591,0.723866638,0.006551889,-0.137714297
3/1/89,-0.468304898,0.202748202,0.267456205,-1.011101864,-0.429416427,0.264829258,-0.163902272,0.243907954
4/1/89,-0.217816231,0.074215718,0.414557118,-0.183885721,-0.64035783,0.388416245,-0.036017812,0.533730164
5/1/89,-0.239597855,-0.049231479,0.093609672,-0.21631056,-0.700626803,-0.123586987,-0.183132659,0.772763907
6/1/89,0.021781623,-0.145114944,-0.588403652,-0.544208745,-0.708160424,-0.476692664,-0.246368381,0.393319763
7/1/89,0.315833536,-0.204295899,-0.561658031,-0.537487254,-0.602689723,-0.723866638,-0.301136649,1.086061845
8/1/89,-0.174252985,-0.227953541,-0.641894893,-0.427880067,-0.783496639,-0.865108909,-0.231118207,1.538114385
9/1/89,-0.163362174,-0.227069143,-0.534912411,-0.421220749,-0.316412104,-0.706211354,-0.233791321,1.160332655
10/1/89,0.076235681,-0.217193367,-0.093609672,-0.493835278,-0.459550913,-0.564969083,-0.417597959,0.756051227
11/1/89,0.098017304,-0.200242409,-0.093609672,-0.539196261,-0.685559559,-0.564969083,-0.123172488,1.034654739
12/1/89,0.065344869,-0.178279862,0.053491241,-0.260946073,-0.715694046,-0.45903738,-0.268798176,1.087315749
1/1/90,0.163362174,-0.153221924,-0.120355292,0.953716955,-0.527353507,-0.494347948,-0.236981671,0.037031345
2/1/90,0.087126493,-0.130817179,0.334320257,-0.193586891,-0.791030261,-0.158897555,-0.167551181,0.306989502
3/1/90,0.010890812,-0.131185678,0.307574636,0.130687984,-0.655425073,-0.017655284,-0.019208529,0.331510516
4/1/90,0.087126493,-0.186386843,0.49479398,-0.864763147,-0.459550913,0,-0.140374518,-0.202285572
5/1/90,0.108908116,-0.311823935,0.227337775,-1.12730215,-0.708160424,-0.088276419,-0.059059115,0.168328548
6/1/90,0.20692542,-0.522236918,0.267456205,-0.802576952,-0.881433719,-0.141242271,-0.088732954,0.161427975
7/1/90,0.490086521,-0.813351204,-0.441302739,-0.792194039,-0.888967341,-0.600279651,-0.120767973,-0.450141633
8/1/90,0.860374114,-1.162319848,-0.601776462,-0.984905154,-1.777934682,-0.68855607,-0.232612236,-1.15315417
9/1/90,0.871264926,-1.51571048,-0.682013324,-1.275339176,-2.049145057,-0.971040612,-0.276661445,-1.413644515
10/1/90,0.958391418,-1.822670227,-0.922723908,-1.598175213,-2.719637373,-1.200559302,-0.487900885,-1.308700229
11/1/90,0.795029245,-2.035073106,-1.283789786,-1.486654819,-2.561431321,-1.536009696,-0.577204658,-1.067877152
12/1/90,1.012845476,-2.119533099,-1.537873181,-1.955994506,-2.599099429,-1.624286115,-0.573646207,-1.048233098
1/1/91,1.067299534,-2.076197605,-1.591364422,-2.72858828,-2.501162349,-1.906770657,-0.383909491,-0.348899357
2/1/91,1.067299534,-1.917374495,-1.444263509,-1.775768457,-2.229951974,-1.871460089,-0.633565983,0.035599715
3/1/91,1.121753592,-1.681166574,-1.01633358,-1.333003011,-0.926635449,-1.641941399,-0.644229972,0.021602865
4/1/91,1.328679012,-1.411720036,-0.5215396,-0.960171288,-1.371119119,-1.271180438,-0.318846191,0.216719496
5/1/91,1.502931997,-1.1407995,-0.147100913,-0.353145388,-1.634795873,-0.971040612,-0.113399721,-0.133837884
6/1/91,1.459368751,-0.892799609,1.123316063,-0.644357811,-1.348518254,0.052965852,0.063490485,-0.402108333
7/1/91,1.513822808,-0.702580376,0.748877375,-0.48291968,-1.288249282,0.105931703,0.159304345,-0.072434963
8/1/91,1.590058489,-0.59881103,1.350653837,-0.579744548,-1.356051876,0.512003232,0.102833873,0.793014487
9/1/91,1.611840113,-0.576774785,1.430890699,-0.010159786,-1.280715661,0.865108909,0.157487706,1.054499431
10/1/91,1.927673648,-0.612371797,1.069824821,0.353758243,-1.634795873,0.5473138,0.168209054,1.204056405
11/1/91,2.178162314,-0.665804166,0.468048359,0.22655998,-2.327889054,-0.088276419,0.013530205,0.405013635
12/1/91,2.112817445,-0.690419906,-0.066864051,1.151678369,-2.395691647,-0.564969083,-0.067209814,1.027703907
1/1/92,2.395978546,-0.653422596,-0.053491241,1.835586304,-2.448426998,-0.476692664,0.054984452,0.557245063
2/1/92,2.178162314,-0.560855624,1.109943252,1.703032574,-2.350489918,0.476692664,0.005366996,0.151251286
3/1/92,2.112817445,-0.43608183,1.778583766,0.930640823,-1.808069168,0.812143057,0.056755958,-0.154672183
4/1/92,2.341524488,-0.323026307,1.216925734,0.746943889,-1.717665709,0.45903738,0.108347545,0.032457664
5/1/92,2.330633676,-0.251390083,1.457636319,0.325195156,-1.566993279,1.00635118,0.11979389,-0.220432522
6/1/92,2.515777473,-0.230090835,1.310535406,0.478310903,-1.47658982,0.635590219,0.080500667,-0.004606639
7/1/92,2.504886661,-0.238271515,1.270416975,0.591084423,-1.762867439,0.68855607,-0.076843923,-0.040909494
8/1/92,2.690030458,-0.246009996,1.176807304,0.688024126,-1.800535546,0.600279651,0.190561446,-0.336824953
9/1/92,2.798938574,-0.221615356,0.147100913,0.712645332,-1.838203654,-0.052965852,0.087399154,-0.146351498
10/1/92,2.613794777,-0.147473338,0.50816679,0.705423338,-2.011476949,0.052965852,0.379516155,-0.211937454
11/1/92,2.352415299,-0.039945302,1.176807304,0.675171444,-1.107442365,0.635590219,0.412397015,0.310952047
12/1/92,2.330633676,0.056527761,1.471009129,0.537386587,-0.678025938,0.741521922,0.523946409,-0.351951201
1/1/93,2.385087734,0.103621946,1.738465335,0.460350546,-0.806097504,1.024006464,0.414995327,-0.170542982
2/1/93,2.297961241,0.091314076,1.297162596,0.008652662,-1.009505285,0.918074761,0.422575737,-0.16437273
3/1/93,2.254397995,0.02432094,1.083197632,-0.119138041,-1.062240636,0.617934935,0.275146632,0.116794465
4/1/93,2.417760169,-0.074363118,0.401184308,0.235198073,-1.084841501,0.035310568,0.205509095,-0.249726879
5/1/93,2.091035822,-0.189187436,0.695386134,0.262922937,-1.484123442,0.211863406,0.251191254,-0.103801632
6/1/93,1.927673648,-0.285660499,0.213964964,0.342414572,-1.393719984,-0.070621135,0.210743865,0.022098067
7/1/93,1.851437967,-0.33806107,0.50816679,0.386986141,-1.732732953,0.035310568,0.047464592,-0.277925425
8/1/93,1.709857417,-0.327743096,0.708758944,0.714870868,-1.710132088,0.123586987,0.124738749,0.12169243
9/1/93,1.644512547,-0.250137186,0.347693067,0.609733058,-1.664930359,0.141242271,0.087228981,-0.012119042
10/1/93,1.568276866,-0.112687023,1.190180114,0.67887472,-1.303316525,0.600279651,-0.059649263,0.107567362
11/1/93,1.753420663,0.061981548,1.390772268,1.059889191,-1.416320848,0.670900787,0.040404438,-0.188189149
12/1/93,1.720748228,0.255369873,1.658228473,1.201550155,-0.888967341,0.988695896,0.190094448,-0.188300505
1/1/94,1.720748228,0.436671428,1.805329386,0.897237685,-0.429416427,1.059317031,-0.162137234,-0.017378531
2/1/94,1.611840113,0.584734365,1.631482853,0.52257406,-0.512286264,1.147593451,-0.01819779,-0.295446608
3/1/94,1.698966605,0.694989294,1.711719714,1.342784998,-0.64035783,1.218214586,0.084428042,-0.716580451
4/1/94,1.448477939,0.764783023,1.698346904,1.293384881,-0.557487993,1.306491005,-0.001494702,-0.48010787
5/1/94,1.263334142,0.795958047,1.551245991,1.26624551,-0.54242075,1.447733276,-0.119694881,-0.545543529
6/1/94,1.252443331,0.792936354,2.00592154,0.995982664,-0.662958695,1.553664979,0.04805874,-0.721696555
7/1/94,1.230661708,0.766551819,1.898939058,0.679926777,-0.828698369,1.500699128,0.002054345,-0.491290339
8/1/94,1.11086278,0.727785714,1.738465335,0.592538521,-0.625290587,1.412422709,0.070302016,-0.47123925
9/1/94,1.089081157,0.677596137,1.698346904,0.638076767,-0.64035783,1.588975547,0.117856054,-0.581906514
10/1/94,1.056408722,0.610381902,1.738465335,0.423758579,-0.549954372,1.659596683,0.067401728,-0.572905151
11/1/94,0.55543139,0.50919205,1.537873181,-0.062111703,-0.632824209,1.624286115,0.114456294,-0.744724205
12/1/94,0.163362174,0.365624803,1.190180114,-0.220580698,-0.369147455,1.076972315,0.159785519,-0.705430539
1/1/95,0.370287593,0.175995168,1.297162596,-0.385223986,-0.180806917,1.306491005,0.042051871,-0.780690568
2/1/95,0.468304898,-0.058149157,0.882605478,-0.05860491,-0.369147455,0.900419477,-0.004960422,-0.360123065
3/1/95,0.435632463,-0.31388753,0.254083395,-0.428558229,-0.730761289,0.370760961,-0.024393412,0.144706856
4/1/95,0.511868144,-0.552011645,0.294201826,-0.473714601,-0.565021615,0.264829258,-0.142595746,0.259785516
5/1/95,0.446523274,-0.740093584,-0.802368616,-0.443944787,-0.768429396,-0.582624367,-0.281559489,0.429939098
6/1/95,0.457414086,-0.865456976,-0.869232667,-0.18998874,-0.549954372,-0.723866638,-0.223804753,0.794639777
7/1/95,0.62077626,-0.937830198,0.361065877,0.070562945,-0.421882806,0.123586987,-0.281751927,0.796957658
8/1/95,0.468304898,-0.982713388,-0.468048359,0.032405068,-0.286277618,-0.512003232,-0.093588654,0.513513636
9/1/95,0.370287593,-1.021332094,-0.080236862,0.031601826,-0.83623199,-0.335450393,-0.134552088,1.027379659
10/1/95,0.457414086,-1.053833714,-0.334320257,0.010647048,-0.73829491,-0.582624367,-0.174160361,0.825652513
11/1/95,0.435632463,-1.069310676,-0.187219344,0.332998346,-0.888967341,-0.723866638,-0.18445857,1.477798652
12/1/95,0.435632463,-1.057002806,-0.548285221,0.163371682,-0.678025938,-0.670900787,-0.033682644,1.485732292
1/1/96,0.729684375,-1.007771327,-0.788995806,0.406074426,-0.806097504,-0.794487774,-0.098332085,1.589602968
2/1/96,0.751465998,-0.916088752,-0.5215396,0.65631891,-0.866366476,-0.723866638,-0.097095324,1.349410671
3/1/96,0.598994636,-0.791093859,-0.120355292,0.8532894,-0.474618157,-0.5473138,-0.175451655,1.192576591
4/1/96,0.686121129,-0.659097483,0.307574636,0.803357408,-0.549954372,-0.123586987,0.093093175,1.077487491
5/1/96,0.631667071,-0.535502886,0.227337775,0.725557372,-0.798563882,-0.158897555,0.199325055,0.973232242
6/1/96,0.675230317,-0.435271132,1.257044165,0.471102641,-0.572555236,0.635590219,0.198634389,0.825651421
7/1/96,0.631667071,-0.365330003,0.254083395,0.351525581,-0.399281941,-0.052965852,0.222005336,0.241391291
8/1/96,0.675230317,-0.309981439,0.615149272,0.096583936,-0.354080212,0.282484542,0.238857916,0.37904332
9/1/96,0.675230317,-0.257507168,0.615149272,-0.101183171,-0.399281941,0.194208122,0.143368158,0.478443925
10/1/96,0.653448694,-0.204074799,0.387811498,-0.148739261,-0.263676754,0.088276419,0.153473895,0.710488427
11/1/96,0.511868144,-0.143346148,0.922723908,-0.062408082,-0.060268972,0.529658516,0.143270535,0.948375701
12/1/96,0.598994636,-0.078121808,1.564618801,-0.106586156,-0.233542268,0.918074761,-0.007845572,0.646001655
1/1/97,0.642557883,-0.001695096,0.936096719,-0.017873019,-0.19587416,0.670900787,0.094380186,0.857127809
2/1/97,0.511868144,0.091977374,1.01633358,0.087288299,-0.022600865,0.5473138,0.216885451,0.849326061
3/1/97,0.511868144,0.192872427,1.150061683,-0.003450226,0,0.670900787,0.182007453,0.458300801
4/1/97,0.468304898,0.29752617,0.882605478,-0.142334221,0.105470701,0.653245503,0.085322255,0.78708114
5/1/97,0.490086521,0.401958814,1.644855663,-0.146323227,0.241075889,1.076972315,0.138029695,1.057312752
6/1/97,0.468304898,0.502043168,1.257044165,-0.093677631,0.339012969,0.865108909,0.067282908,1.386452266
7/1/97,0.304942724,0.589819653,1.51112756,-0.034192934,0.534887129,1.359456857,0.103485225,2.468845519
8/1/97,0.402960028,0.653054097,1.377399458,0.126317844,0.331479347,1.112282883,-0.013398459,1.763623002
9/1/97,0.34850597,0.695505193,0.722131754,0.36329992,0.452017292,0.68855607,0.129247346,1.754945766
10/1/97,0.228707043,0.717909938,1.457636319,0.514782421,0.421882806,1.129938167,0.156992959,1.241006252
11/1/97,0.108908116,0.716214842,0.98958796,0.200144898,0.54242075,1.00635118,0.092905066,1.021304112
12/1/97,0.098017304,0.689461808,0.962842339,0.158121114,0.158206052,0.794487774,0.078462339,1.324667791
1/1/98,0.228707043,0.650769403,0.949469529,0.620643806,0.497219021,0.670900787,-0.032556596,0.925723793
2/1/98,0.076235681,0.600211327,0.615149272,0.693087215,0.783496639,0.512003232,0.009449737,1.430905669
3/1/98,0.076235681,0.524595313,0.655267703,0.583494317,0.4896854,0.512003232,0.044882743,2.241199831
4/1/98,0.098017304,0.421857765,0.708758944,0.439623433,0.655425073,0.388416245,0.070940949,1.812968271
5/1/98,0.032672435,0.29339898,0.200592154,0.490888651,0.4896854,0.158897555,0.046561708,1.172050601
6/1/98,-0.054454058,0.147694438,0.026745621,0.526917497,0.421882806,-0.194208122,-0.185638342,1.14080186
7/1/98,0.010890812,0.007369982,0.240710585,0.585316538,0.39174832,-0.141242271,-0.126498576,0.467173367
8/1/98,0.152471362,-0.109812731,0.120355292,0.701438891,0.331479347,-0.123586987,0.086611198,-0.226213981
9/1/98,0.152471362,-0.180196058,-0.080236862,0.275443077,0.067802594,-0.22951869,0.126444779,-0.16871038
10/1/98,0.566322202,-0.178427262,-0.267456205,0.727654825,-0.19587416,-0.22951869,0.043402301,0.637123639
11/1/98,0.217816231,-0.102369049,-0.227337775,0.685138871,0.203407781,-0.317795109,0.012571196,0.742730528
12/1/98,0.119798927,0.021078148,-0.040118431,0.973888021,0.037668108,-0.564969083,0.014790887,1.050562036
1/1/99,0.087126493,0.173120875,0.320947446,0.564348323,0.29381124,0.105931703,-0.071494909,1.294982785
2/1/99,0.174252985,0.327890495,0.668640513,0.2197524,0.610223344,0.300139826,0.143445852,0.503674428
3/1/99,0.283161101,0.467256853,0.788995806,0.185344874,0.429416427,0.423726813,0.121660488,0.424791944
4/1/99,0.304942724,0.589377454,0.534912411,0.169859531,0.346546591,0.406071529,0.063321641,0.63534699
5/1/99,0.239597855,0.694104897,1.043079201,0.27437959,0.512286264,0.759177206,0.109366,0.587980092
6/1/99,0.304942724,0.773848101,1.257044165,0.482691349,0.549954372,1.024006464,0.163707035,0.696486732
7/1/99,0.315833536,0.83111286,0.615149272,0.221723122,0.452017292,0.635590219,0.070444325,0.538693712
8/1/99,0.272270289,0.872679558,1.00296077,0.050958634,0.339012969,0.847453625,0.156293318,1.759824937
9/1/99,0.294051912,0.909013569,1.805329386,-0.081742143,0.54242075,1.23586987,0.157334236,1.01595152
10/1/99,0.250488666,0.946158278,1.51112756,-0.201895449,0.241075889,1.271180438,0.173801275,0.885333196
11/1/99,0.185143797,0.984555884,1.751838145,0,0.54242075,1.430077992,0.187252252,0.589146323
12/1/99,0.228707043,1.011014119,1.377399458,-0.167922243,0.406815563,1.377112141,0.190524251,0.599410553
1/1/00,0.076235681,1.006076231,1.390772268,-0.014312862,0.858832855,1.182904018,0.050580752,-0.067171935
2/1/00,-0.119798927,0.957950249,1.163434493,-0.080711227,0.851299233,1.024006464,-0.006144507,-0.01444725
3/1/00,-0.511868144,0.887272123,0.829114237,-0.041688682,0.534887129,0.865108909,0.170772011,0.407786003
4/1/00,-0.490086521,0.800158936,0.722131754,-0.009296204,0.693093181,0.829798341,0.159565073,-0.062173965
5/1/00,-0.435632463,0.6927046,0.200592154,-0.293246105,0.806097504,0.564969083,0.042043393,-0.057477693
6/1/00,-0.381178405,0.571615797,0,-0.378693772,0.482151778,0.247173974,-0.055131757,-0.256878868
7/1/00,-0.283161101,0.437187327,0.267456205,-0.412673337,0.625290587,0.441382096,-0.138257607,-0.148479366
8/1/00,-0.490086521,0.278880116,0,-0.35308143,0.549954372,-0.017655284,-0.270724873,0.309310827
9/1/00,-0.196034608,0.094556868,-0.147100913,0.060735998,0.512286264,-0.052965852,-0.124021795,0.12327149
10/1/00,-0.185143797,-0.127942886,-0.213964964,-0.216479216,0.436950049,-0.22951869,-0.120590653,-0.325927969
11/1/00,-0.14158055,-0.381101765,-0.120355292,-0.171987184,0.572555236,-0.264829258,-0.422023035,-0.970454622
12/1/00,0.010890812,-0.653717396,-1.056452011,-0.412428136,-0.120537945,-1.076972315,-0.495830721,-1.273417256
1/1/01,0.62077626,-0.902306886,-1.551245991,-0.080384083,-0.399281941,-1.359456857,-0.36450751,-0.762799978
2/1/01,0.55543139,-1.092894618,-1.350653837,-0.105488838,-0.708160424,-1.394767425,-0.603441319,-1.190607867
3/1/01,0.816810868,-1.216194415,-1.136688873,0.024024108,-0.64035783,-1.218214586,-0.656211362,-2.059586724
4/1/01,1.143535215,-1.278397063,-0.601776462,0.21421434,-0.873900098,-1.288835722,-0.621116525,-1.530002567
5/1/01,1.3177882,-1.297853815,-0.682013324,0.392011015,-0.602689723,-1.536009696,-0.498513047,-1.366698724
6/1/01,1.274224954,-1.314878473,-0.294201826,0.170312131,-0.557487993,-1.200559302,-0.413710512,-1.622296315
7/1/01,1.394023881,-1.347527493,-0.106982482,0.180056175,-0.572555236,-1.147593451,-0.358270486,-1.603437136
8/1/01,1.3177882,-1.39366358,0.575030842,0.201258021,-0.64035783,-0.653245503,-0.290958701,-2.232228717
9/1/01,1.895001213,-1.423512007,0.173846533,-0.015789731,-1.371119119,-0.670900787,-0.555548217,-2.373350464
10/1/01,2.025690952,-1.385851399,-1.48438194,-0.034583214,-1.303316525,-1.624286115,-0.712273012,-2.267218243
11/1/01,2.112817445,-1.261667204,-0.120355292,0.113658667,-1.212913067,-1.041661748,-0.365986757,-1.476950625
12/1/01,2.178162314,-1.066362683,0.187219344,0.440209091,-0.843765612,-0.829798341,0.000476772,-1.458292112
1/1/02,2.08014501,-0.840104238,0.695386134,-0.099217871,-0.527353507,-0.441382096,0.015201278,-1.724403904
2/1/02,1.982127706,-0.625416665,1.430890699,0.392206989,-0.700626803,0.123586987,0.103475348,-1.312467886
3/1/02,1.851437967,-0.463792962,1.845447817,0.095633039,-0.323945726,0.423726813,-0.041950097,-0.704426111
4/1/02,2.036581764,-0.396283927,1.323908217,0.008927927,-0.527353507,0.423726813,-0.080742471,-1.506513367
5/1/02,2.025690952,-0.437629526,1.577991612,0.151865912,-0.233542268,0.5473138,0.077442866,-1.582819699
6/1/02,2.134599068,-0.581344173,1.49775475,0.402492466,-0.572555236,0.635590219,0.217844786,-1.856810549
7/1/02,2.483105038,-0.788661765,0.254083395,0.434365803,-0.896500962,0.035310568,0.236832326,-2.196317156
8/1/02,2.178162314,-1.010277121,0.080236862,0.245596304,-0.93416907,0.052965852,0.168607257,-1.845858833
9/1/02,2.08014501,-1.215973316,0.387811498,0.753992422,-1.047173393,0.088276419,0.04092601,-2.003161995
10/1/02,2.450432603,-1.378039218,0.280829016,0.737680883,-1.461522577,-0.176552839,0.01054158,-1.671108695
11/1/02,2.330633676,-1.485346155,-0.01337281,0.360361626,-1.190312202,-0.264829258,0.114808774,-1.760012624
12/1/02,2.417760169,-1.557571978,1.163434493,0.637453977,-1.001971664,0.282484542,-0.0719926,-2.110156227
1/1/03,2.483105038,-1.610562148,1.096570442,0.425820108,-1.32591739,0.22951869,0.06645602,-2.167956921
2/1/03,2.374196922,-1.636430784,0.254083395,0.185889396,-1.514257928,-0.211863406,-0.048168865,-2.149709442
3/1/03,2.526668284,-1.611593945,-0.374438688,0.193510571,-1.687531223,-0.653245503,-0.154235889,-2.281416943
4/1/03,2.592013154,-1.51585788,-0.374438688,0.398063931,-1.054707015,-0.68855607,-0.233321005,-1.572120842
5/1/03,2.22172556,-1.352612781,0.454675549,0.343822302,-0.595156101,-0.176552839,-0.123205821,-1.247057545
6/1/03,2.417760169,-1.141462799,0.48142117,0.329967645,-0.775963018,-0.176552839,-0.09270131,-0.729305943
7/1/03,2.929628313,-0.892873309,0.909351098,0.419345443,-0.685559559,0.176552839,0.000625239,-0.08870769
8/1/03,2.722702893,-0.614951291,1.48438194,0.792691049,-0.806097504,0.564969083,0.089943305,6.59E-05
9/1/03,2.679139646,-0.316688123,1.444263509,0.434475934,-0.926635449,0.423726813,0.115253922,0.766001518
10/1/03,2.70092127,-0.014224065,1.925684679,0.587019875,-0.783496639,0.918074761,0.20179858,0.542334407
11/1/03,2.483105038,0.267972542,2.554206761,0.411531553,-0.474618157,1.483043844,0.330738534,0.188344504
12/1/03,2.646467212,0.505064861,2.848408587,0.237961898,-0.557487993,1.78318367,0.33521949,1.032358546
1/1/04,2.526668284,0.684155421,2.754798915,0.394882995,0.286277618,1.906770657,0.292603343,1.399169787
2/1/04,2.537559096,0.791609757,2.206513694,0.299510918,-0.421882806,1.747873102,0.266868818,1.647299883
3/1/04,2.461323415,0.83951464,1.952430299,0.871948999,-0.316412104,1.871460089,0.365670903,1.43715088
4/1/04,2.417760169,0.838482842,2.286750556,0.734209332,-0.436950049,1.871460089,0.262507364,0.677127541
5/1/04,2.308852053,0.804359826,1.939057489,0.851096591,-0.73829491,2.01270236,0.284113317,0.395541339
6/1/04,2.091035822,0.744441873,1.457636319,0.383416763,-0.331479347,1.853804805,0.155951688,0.443647336
7/1/04,1.982127706,0.663666871,1.711719714,0.597061226,-0.248609511,1.747873102,0.127529184,0.076663559
8/1/04,1.87321959,0.57441639,1.618110042,0.226967337,-0.308878483,1.500699128,0.142797038,-0.031072297
9/1/04,1.644512547,0.496515682,1.029706391,0.202263146,-0.436950049,1.306491005,0.132898021,0.118429335
10/1/04,1.622730924,0.443746611,1.123316063,0.20945721,-0.625290587,1.112282883,0.129815319,-0.15607367
11/1/04,1.459368751,0.422226264,1.350653837,0.416180415,-0.54242075,1.094627599,0.150064578,0.056204013
12/1/04,1.263334142,0.412203088,2.179768074,0.23704462,-0.218475024,1.271180438,0.158024858,-0.065869706
1/1/05,0.925718984,0.38707145,1.056452011,0.474969977,-0.339012969,1.200559302,0.007168359,-0.353942692
2/1/05,0.838592491,0.341819761,0.788995806,0.373235176,-0.44448367,0.971040612,0.231021683,-0.272747427
3/1/05,0.76235681,0.284555002,1.029706391,-0.009599178,-0.557487993,0.918074761,0.037897272,-0.328939302
4/1/05,0.598994636,0.242251305,0.454675549,0.191612575,-0.926635449,0.388416245,0.125279912,-0.350925053
5/1/05,0.435632463,0.233702126,0.240710585,-0.149892279,-0.986904421,0.141242271,0.053552295,-0.234535193
6/1/05,0.304942724,0.257507168,0.762250185,0.387802034,-0.301344861,0.423726813,0.04744868,-0.353867549
7/1/05,0.283161101,0.295536275,0.962842339,0.213624886,-0.263676754,0.494347948,0.04812246,0.125489678
8/1/05,0.196034608,0.350221541,1.043079201,0.39306906,-0.821164747,0.423726813,0.104339432,0.030118064
9/1/05,0.174252985,0.430996542,1.457636319,0.539280026,-1.740266574,1.200559302,-0.487300597,0.013416909
10/1/05,0.185143797,0.545157562,1.524500371,0.172595233,-1.943674355,1.271180438,-0.119174408,-0.204660546
11/1/05,0.076235681,0.681281128,1.49775475,0.331485607,-1.386186362,1.182904018,0.123802446,-0.226800797
12/1/05,-0.021781623,0.810182112,1.350653837,0.090491385,-0.64035783,0.900419477,0.135043794,-0.444375312
1/1/06,-0.010890812,0.909382068,1.190180114,0.169206266,-0.662958695,0.882764193,0.286186727,-0.105582574
2/1/06,-0.152471362,0.971879515,1.471009129,0.063323243,-1.001971664,1.024006464,0.318687435,-0.267339646
3/1/06,0.043563246,0.993399862,0.936096719,0.134649186,-0.83623199,0.759177206,0.191390918,-0.022778121
4/1/06,0.217816231,0.971511016,0.762250185,-0.350517329,-0.949236313,0.918074761,0.13305904,0.205597155
5/1/06,0.087126493,0.924490531,0.655267703,-0.428026651,-1.5745269,0.653245503,-0.112620769,-0.217309429
6/1/06,-0.010890812,0.881081338,0.668640513,-0.707956998,-1.137576851,0.353105677,0.133965396,-0.215765426
7/1/06,0.021781623,0.8557286,0.775622996,-0.990244742,-1.152644094,0.529658516,-0.004840209,-0.416523901
8/1/06,-0.054454058,0.864204079,0.708758944,-1.110461362,-1.356051876,0.653245503,0.044789486,-0.201789759
9/1/06,-0.076235681,0.911150864,0.641894893,-1.332058785,-1.099908744,0.388416245,-0.031001667,-0.083718967
10/1/06,-0.108908116,0.981534191,0.548285221,-1.370868768,-0.482151778,0.247173974,-0.045102215,0.260560869
11/1/06,-0.174252985,1.065773085,0.106982482,-1.526734528,-0.595156101,0.052965852,-0.144062379,0.130164684
12/1/06,-0.119798927,1.156497562,0.187219344,-1.127237798,-0.625290587,0.247173974,-0.107507264,0.22632544
1/1/07,-0.119798927,1.244937345,0.735504565,-1.313460023,-0.233542268,0.070621135,-0.030307156,0.146489121
2/1/07,-0.098017304,1.331682032,1.216925734,-1.257440743,-0.655425073,0.723866638,-0.05766749,-0.011692854
3/1/07,0.076235681,1.421522111,0.802368616,-1.221937274,-0.873900098,0.494347948,0.102205079,-0.019082972
4/1/07,0.032672435,1.506719102,0.949469529,-1.310215715,-0.971837178,0.476692664,-0.018186416,0.193853889
5/1/07,-0.021781623,1.571574943,0.936096719,-1.07227604,-0.881433719,0.5473138,0.114824773,0.661732845
6/1/07,0.174252985,1.60547686,1.123316063,-1.221568652,-1.107442365,0.706211354,0.010761183,0.525466544
7/1/07,0.239597855,1.596411782,1.00296077,-1.130519627,-0.723227667,0.317795109,0.030099573,0.249758077
8/1/07,0.424741651,1.542021316,0.815741426,-1.154557565,-1.250581174,0.388416245,-0.031069388,0.190462006
9/1/07,0.675230317,1.46286771,1.257044165,-1.180327673,-1.250581174,0.670900787,0.032112179,0.268714476
10/1/07,0.588103825,1.374133128,0.775622996,-1.193703626,-1.438921713,0.494347948,-0.10350904,0.151939104
11/1/07,1.012845476,1.279723659,0.414557118,-1.004514881,-1.800535546,0.264829258,-0.170525852,-0.270857305
12/1/07,1.078190346,1.188630683,-0.01337281,-1.480128181,-1.845737275,0.017655284,-0.276134752,-0.410989715
1/1/08,1.633621736,1.093631616,-0.066864051,-1.622166606,-1.627262251,0.158897555,-0.156857311,-0.896075631
2/1/08,2.047472575,0.98610358,0.066864051,-1.81192592,-2.199817488,-0.211863406,-0.213010239,-0.976012722
3/1/08,1.993018517,0.867446871,-0.106982482,-1.953989043,-2.297754567,-0.052965852,-0.361037677,-1.070299571
4/1/08,1.611840113,0.719236535,-0.50816679,-1.558220833,-2.817574453,-0.264829258,-0.248250729,-1.046312573
5/1/08,1.52471362,0.516414633,-0.280829016,-1.653765397,-3.028515856,-0.194208122,-0.256845929,-1.171392117
6/1/08,1.481150374,0.229943436,-0.066864051,-0.799900789,-3.284658988,-0.017655284,-0.357142214,-1.572347456
7/1/08,1.600949301,-0.165382394,-0.213964964,-1.602872275,-2.923045155,0.141242271,-0.417661617,-1.449442158
8/1/08,1.600949301,-0.680175631,-0.187219344,-1.737730961,-2.787439967,0.017655284,-0.597220418,-1.453097721
9/1/08,2.014800141,-1.303381301,-0.655267703,-1.824346214,-2.237485595,-0.494347948,-0.761125334,-2.124919936
10/1/08,2.668248835,-1.98842112,-2.407105848,-1.896675145,-3.19425553,-2.083323495,-0.728844869,-3.001000741
11/1/08,2.101926633,-2.64442321,-2.072785592,-2.42227882,-3.367528825,-1.942081224,-0.977939829,-3.128267437
12/1/08,1.622730924,-3.196729655,-3.222847275,-2.567445909,-3.005914992,-2.736568998,-1.075282362,-3.064847108
1/1/09,2.101926633,-3.59795147,-2.340241797,-2.488051629,-2.923045155,-2.401118605,-1.054936015,-3.166217772
2/1/09,2.199943937,-3.820451224,-2.313496176,-2.229622063,-3.29219261,-2.365808037,-1.198144224,-3.460913559
3/1/09,2.069254198,-3.851478848,-1.163434493,-2.327736113,-3.216856394,-2.259876334,-1.081530246,-3.140195012
4/1/09,2.450432603,-3.698699123,-0.534912411,-2.395371041,-2.629233915,-1.78318367,-0.708479523,-2.971507689
5/1/09,2.777156951,-3.412670125,0.133728103,-2.187488634,-2.35802354,-1.041661748,-0.483495961,-2.804558798
6/1/09,2.6355764,-3.045792425,-0.133728103,-2.432769274,-2.199817488,-0.653245503,-0.275620749,-2.413773897
7/1/09,2.602903965,-2.64442321,0.882605478,-1.754940253,-2.561431321,-0.052965852,-0.017703454,-2.028903619
8/1/09,2.646467212,-2.238558306,1.885566248,-1.398403312,-2.584032186,0.600279651,0.074957649,-1.925001024
9/1/09,2.570231531,-1.85016026,1.965803109,-1.169509876,-1.996409706,0.865108909,0.178784956,-1.225735215
10/1/09,2.733593704,-1.490505142,1.029706391,-1.030666077,-2.214884731,1.341801573,0.325428591,-0.19421284
11/1/09,2.766266139,-1.159961453,1.898939058,-0.023760265,-2.45596062,0.953385328,0.468703662,0.771301448
12/1/09,2.951409936,-0.856244499,1.845447817,0.984435544,-2.071745921,1.024006464,0.484529788,0.847527979
1/1/10,3.060318051,-0.594241642,1.323908217,0.82784543,-1.928607112,1.112282883,0.443580898,1.262715549
2/1/10,3.04942724,-0.399895219,1.029706391,0.817443969,-1.988876085,0.971040612,0.380636206,2.540205788
3/1/10,3.071208863,-0.270330937,1.350653837,1.681652467,-1.988876085,1.553664979,0.390339137,2.307550163
4/1/10,2.962300747,-0.217930365,1.872193438,1.103887032,-2.094346786,1.430077992,0.329720743,1.637498757
5/1/10,2.777156951,-0.234955023,1.51112756,0.169427216,-1.988876085,1.306491005,0.306281258,0.536175891
6/1/10,2.570231531,-0.292072383,1.150061683,-0.115493603,-1.808069168,1.147593451,0.248688499,0.131398406
7/1/10,2.602903965,-0.341303862,0.628522083,-0.133323708,-2.425826134,1.076972315,0.19771074,0.096034503
8/1/10,2.178162314,-0.345504752,0.534912411,-0.289751808,-2.342956297,1.129938167,0.063021499,-0.456251852
9/1/10,2.297961241,-0.295757374,0.254083395,-0.374494035,-2.395691647,0.935730044,0.152521441,-0.131287505
10/1/10,2.49399585,-0.201053107,1.043079201,-0.212606148,-2.433359755,1.218214586,0.155407285,0.262575968
11/1/10,2.570231531,-0.068246033,1.109943252,-0.501368297,-2.139548515,1.288835722,0.257591414,-0.144361099
12/1/10,2.929628313,0.073626119,1.283789786,-0.238938572,-1.921073491,1.165248735,0.26441834,0.173474805
1/1/11,3.092990486,0.194346423,1.939057489,-0.467733526,-1.943674355,1.606630831,0.167842825,0.614501528
2/1/11,2.973191559,0.267898843,1.898939058,-0.823786678,-1.695064845,1.624286115,0.320265986,0.639824351
3/1/11,2.907846689,0.267604043,1.51112756,-0.750552313,-2.448426998,1.483043844,0.255387618,0.210825353
4/1/11,2.951409936,0.19139843,1.48438194,-0.435865967,-2.275153703,1.394767425,0.085124024,0.307821642
5/1/11,2.831611008,0.047831183,0.615149272,0.370770333,-1.936140734,0.847453625,0.094615089,0.849137931
6/1/11,2.973191559,-0.14666264,0.615149272,0.413868473,-2.147082137,1.024006464,0.100593877,1.142817014
7/1/11,2.679139646,-0.355822727,0.922723908,0.359645882,-2.734704616,0.512003232,0.122440456,0.459396475
8/1/11,2.210834749,-0.533144492,0.387811498,0.572731638,-3.329860717,0.45903738,0.096934414,0.386727228
9/1/11,1.818765532,-0.62770136,0.240710585,0.413898477,-3.051116721,0.653245503,0.015018821,-0.688062882
10/1/11,2.091035822,-0.616277888,0.267456205,1.00403444,-2.953179641,0.247173974,0.105930023,-0.260049165
11/1/11,1.993018517,-0.513098141,0.655267703,1.292615009,-2.734704616,0.317795109,0.177141254,-0.278612798
12/1/11,1.786093098,-0.355896427,0.722131754,0.509918354,-2.267620081,0.529658516,0.261347635,-0.634132727
1/1/12,1.753420663,-0.198326213,1.337281027,1.170633075,-1.883405383,0.741521922,0.20599739,-0.504816304
2/1/12,1.829656344,-0.087997584,1.109943252,1.792920985,-1.860804519,0.582624367,0.294626735,-0.450896158
3/1/12,2.069254198,-0.04473579,0.936096719,1.896446843,-1.793001925,0.617934935,0.260664098,-0.240226003
4/1/12,1.829656344,-0.065961338,1.230298545,1.288561587,-1.777934682,0.918074761,0.098541013,-0.475050335
5/1/12,1.437587127,-0.13442847,1.096570442,1.428025271,-1.559459657,0.564969083,0.132542974,-0.797664169
6/1/12,1.459368751,-0.22014136,-0.361065877,1.231698286,-2.019010571,-0.088276419,0.058177345,-0.435348736
7/1/12,1.394023881,-0.285660499,-0.294201826,1.820319462,-2.086813165,-0.070621135,0.091017371,-0.208498379
8/1/12,1.470259562,-0.311160636,-0.655267703,1.478963289,-1.936140734,-0.176552839,0.06115961,0.338694441
9/1/12,1.546495243,-0.286839696,0.294201826,2.600905116,-1.634795873,0.141242271,-0.052928334,1.092523049
10/1/12,1.546495243,-0.23208073,0.240710585,1.596009958,-1.310850147,0.088276419,0.05554793,0.166692704
11/1/12,1.492041185,-0.160076007,-0.280829016,1.481774511,-1.303316525,-0.353105677,-0.205186277,0.223241291
12/1/12,1.66629417,-0.06913043,-0.227337775,1.735647048,-2.041611435,0.017655284,0.161769901,0.212824901
1/1/13,1.905892025,0.036334011,0.655267703,1.587666273,-1.973808842,0.582624367,0.162147414,0.259809308
2/1/13,1.786093098,0.143567248,1.190180114,1.625785964,-1.687531223,0.741521922,0.155423832,0.055206958
3/1/13,1.764311475,0.233259928,0.307574636,0.799673448,-1.612195008,0.335450393,0.134429109,0.086829865
4/1/13,1.611840113,0.316909222,0.401184308,1.896493314,-1.777934682,0.176552839,0.174287535,0.268223316
5/1/13,2.025690952,0.399747819,0.280829016,1.289322743,-1.167711338,0.141242271,0.152978392,0.910592498
6/1/13,2.352415299,0.465561757,0.267456205,0.92415662,-1.197845824,0.194208122,0.158834438,0.498063444
7/1/13,2.49399585,0.506096658,0.855859857,0.864287816,-1.122509608,0.670900787,0.125919241,0.769228433
8/1/13,2.602903965,0.530786097,1.069824821,0.731891603,-1.348518254,0.706211354,0.218427247,0.382696428
9/1/13,2.515777473,0.54176737,1.364026647,0.394505568,-1.695064845,0.812143057,0.328633187,0.422169539
10/1/13,2.461323415,0.545673461,0.98958796,0.877567231,-2.019010571,0.812143057,-0.069920269,0.906432282
11/1/13,2.690030458,0.548989953,1.270416975,0.605554245,-1.875871762,0.971040612,0.174393432,1.103882233
12/1/13,2.896955878,0.543683566,1.858820627,0.337205552,-1.318383768,1.147593451,-0.023040981,1.235800154
1/1/14,2.537559096,0.534839587,0.615149272,0.189879908,-1.416320848,0.441382096,0.131213993,0.565505088
2/1/14,2.537559096,0.547515956,1.150061683,0.298490354,-1.386186362,0.882764193,0.041088209,0.803800218
3/1/14,2.49399585,0.582154871,1.176807304,0.693904674,-1.506724307,1.041661748,0.142032133,0.586325475
4/1/14,2.450432603,0.625342965,0.97621515,0.382136442,-1.197845824,1.165248735,0.112551271,0.49834381
5/1/14,2.297961241,0.663666871,1.056452011,0.074147189,-1.363585497,1.00635118,0.194420791,0.500295791
6/1/14,2.243507184,0.691967602,0.909351098,0.357900558,-1.318383768,0.882764193,0.148464109,0.7579105
7/1/14,2.232616372,0.706265367,0.98958796,0.392858631,-1.371119119,0.900419477,0.226600814,0.283853419
8/1/14,2.036581764,0.707665663,1.350653837,0.426879623,-1.318383768,1.112282883,0.186660275,0.798790888
9/1/14,2.112817445,0.697642488,1.190180114,0.360490242,-1.160177716,1.00635118,0.256371231,0.458173122
10/1/14,2.014800141,0.673984846,1.310535406,0.237450928,-0.986904421,1.094627599,0.265365275,0.306440046
11/1/14,1.862328779,0.637208636,1.551245991,0.144547387,-0.843765612,1.112282883,0.185997636,0.281622271
12/1/14,1.633621736,0.583702568,1.096570442,0.330531692,-0.482151778,1.00635118,0.237927883,0.085546027
1/1/15,1.3177882,0.514572137,0.628522083,0.370832175,-0.143138809,0.706211354,0.190985334,0.118682394
2/1/15,1.492041185,0.435050032,0.575030842,0.419924767,-0.346546591,0.5473138,0.007881491,0.198482557
3/1/15,1.502931997,0.352653635,0.414557118,0.023233249,-0.527353507,0.406071529,0.153896858,0.025762088
4/1/15,1.600949301,0.270994235,0.49479398,0.345693696,-0.308878483,0.370760961,0.102645157,0.041846642
5/1/15,1.644512547,0.185133946,0.374438688,1.23705869,-0.700626803,0.476692664,0.180771606,-0.030325004
6/1/15,1.862328779,0.091756275,0.50816679,1.811379123,-0.29381124,0.45903738,0.168843211,-0.302424375
7/1/15,1.66629417,-0.025057939,0.347693067,0.294898164,-0.519819886,0.335450393,0.105589774,-0.067387387
8/1/15,1.600949301,-0.156317316,0.160473723,0.558778505,-0.610223344,0,0.095381279,-0.732270331
9/1/15,1.546495243,-0.283081005,0.026745621,0.308434866,-0.964303556,0,0.149257053,-0.801298128
10/1/15,1.535604432,-0.387882148,0.227337775,0.299110032,-0.753362153,-0.176552839,0.157763727,-0.442034572
11/1/15,1.38313307,-0.476395631,0.080236862,0.866124122,-0.655425073,-0.158897555,0.118434523,-0.594675077
12/1/15,1.3177882,-0.553559342,-0.066864051,0.642871807,-0.557487993,-0.211863406,0.078658839,-0.679826866
1/1/16,1.285115765,-0.616425287,-0.053491241,0.576618681,-0.602689723,-0.441382096,-0.039617161,-0.807277412
2/1/16,1.045517911,-0.659244882,0.320947446,0.197967074,-0.625290587,-0.141242271,0.090597884,-1.150978922
3/1/16,1.143535215,-0.674279645,0.722131754,0.212748943,-0.678025938,0.247173974,0.11119631,-0.658826109
4/1/16,1.154426027,-0.674795544,0.641894893,-0.025512738,-0.828698369,0.176552839,0.079922742,-0.695141976
5/1/16,1.056408722,-0.67236345,0.722131754,-0.261151219,-0.399281941,0.22951869,-0.037960092,-0.665193255
6/1/16,0.991063853,-0.671184253,0.922723908,-0.614803328,-0.4896854,0.423726813,0.059467984,-0.524479998
7/1/16,0.860374114,-0.657770886,0.708758944,0.25224787,-0.753362153,0.423726813,0.097809484,-0.424490137
8/1/16,0.849483303,-0.622468672,0.120355292,0.153207823,-0.768429396,-0.052965852,0.051143409,0.002678473
9/1/16,0.90393736,-0.555328137,0.454675549,0.689089235,-0.662958695,0.176552839,0.173128027,0.182712824
10/1/16,1.067299534,-0.460107971,0.575030842,0.40176697,-0.964303556,0.317795109,0.084010549,-0.491799546
11/1/16,1.372242258,-0.349410843,0.722131754,-0.055797151,-0.467084535,0.582624367,0.211657486,-0.274453972
12/1/16,1.361351446,-0.239450712,1.150061683,0.15148232,-0.135605188,0.741521922,0.107161071,-0.031662444
1/1/17,1.372242258,-0.152042727,1.337281027,0.558883646,-0.113004323,1.00635118,0.181650204,0.468468545
2/1/17,1.241552519,-0.095367566,1.885566248,0.262281974,-0.278743997,1.359456857,0.3128732,0.776333284
3/1/17,1.230661708,-0.06927783,1.604737232,0.682941152,-0.233542268,1.200559302,0.243393377,0.295186298
4/1/17,1.099971969,-0.061539349,0.98958796,0.38894462,-0.226008646,1.00635118,0.248664442,0.341373842
5/1/17,1.012845476,-0.056748861,1.551245991,0.012343507,-0.218475024,1.129938167,0.112066456,0.314419228
6/1/17,1.012845476,-0.044072492,1.377399458,0.595121217,-0.376681077,1.076972315,-0.018003861,0.342782407
7/1/17,1.045517911,-0.018719754,1.551245991,0.240035536,-0.497219021,1.147593451,-0.048451352,0.228266737
8/1/17,0.860374114,0.037881707,1.457636319,0.487128305,-0.241075889,1.500699128,-0.043182194,0.240957223
9/1/17,0.936609795,0.118804108,1.898939058,-0.11415139,-0.369147455,1.747873102,-0.260154161,0.388829912
10/1/17,0.849483303,0.214466474,1.872193438,0.403280294,0.052735351,1.518354412,0.024763438,0.700290485
11/1/17,0.697011941,0.311160636,1.872193438,0.278130326,-0.113004323,1.394767425,-0.042648309,0.655224214
12/1/17,0.55543139,0.404243508,2.099531212,0.250282411,-0.308878483,1.624286115,0.006604614,0.592710129
1/1/18,0.631667071,0.494894285,2.166395263,0.053270649,-0.323945726,1.659596683,0.095922031,0.876490897
2/1/18,0.675230317,0.576332586,1.885566248,0.349549318,-0.022600865,1.906770657,0.268214337,0.301887011
3/1/18,0.511868144,0.626448463,1.564618801,0.440449071,0.105470701,1.624286115,0.205550308,0.109662693
4/1/18,0.500977332,0.641188426,1.765210955,0.503327636,-0.090403458,1.518354412,0.244455298,0.065078816
5/1/18,0.468304898,0.628806857,1.765210955,0.533556953,-0.150672431,1.571320263,0.230090258,0.13465298
6/1/18,0.359396782,0.594536441,1.805329386,-0.029315449,-0.135605188,1.712562534,0.188166803,0.134854415
7/1/18,0.315833536,0.540072275,1.310535406,0.307899745,-0.158206052,1.412422709,0.318637105,0.250742089
8/1/18,0.261379478,0.467183153,1.818702196,-0.172908921,-0.286277618,1.836149521,0.29271708,0.464617443
9/1/18,0.261379478,0.364224506,1.591364422,0.159683418,0.007533622,1.677251966,0.261525238,0.355437032
10/1/18,0.304942724,0.226995443,1.243671355,-0.307131218,-0.105470701,1.46538856,0.137099299,-0.299184357
11/1/18,0.228707043,0.067066835,1.430890699,0.156487291,-0.188340538,1.536009696,-0.059088967,-0.365323113
12/1/18,0.228707043,-0.098684058,0.320947446,0.022690963,-0.128071566,0.847453625,-0.048104176,-1.027901878
1/1/19,0.196034608,-0.253822177,0.895978288,-0.21081748,-0.662958695,1.00635118,-0.063069617,-0.90170332
2/1/19,0.228707043,-0.385007855,0.655267703,-0.127608753,-0.467084535,0.741521922,-0.057731637,-0.469471799
3/1/19,0.152471362,-0.490693396,0.869232667,-0.286381249,-0.120537945,0.935730044,0.091818202,-0.17104945
4/1/19,0.261379478,-0.585987262,0.468048359,-0.241062664,-0.210941403,0.635590219,0.092531518,0.076363109
5/1/19,0.20692542,-0.67243715,0.334320257,0.03334961,0,0.388416245,-0.03574136,-0.524684256
6/1/19,0.272270289,-0.747610965,0.093609672,-0.110586811,-0.135605188,0.22951869,-0.135349612,-0.114863497
7/1/19,0.14158055,-0.807971117,0.160473723,0.066899218,-0.120537945,0.176552839,0.10980936,-0.265909545
8/1/19,0,-0.846737222,-0.49479398,0.84125898,-0.768429396,-0.282484542,0.067170364,-0.579639278
9/1/19,0.054454058,-0.844452528,-0.173846533,0.603710853,-0.512286264,-0.300139826,0.103004379,-0.497892106
10/1/19,0.185143797,-0.805539023,-0.200592154,0.986138184,-0.339012969,-0.300139826,0.062948782,0.124993534
11/1/19,0.185143797,-0.747021367,-0.401184308,0.691896564,-0.241075889,-0.317795109,-0.145100235,0.237516995
12/1/19,0.370287593,-0.691893902,-0.334320257,0.504456113,-0.052735351,-0.406071529,-0.256255297,1.190121794
1/1/20,0.196034608,-0.66808886,0.240710585,0.967218036,-0.015067243,0.194208122,0.038796874,0.58403178
2/1/20,0.294051912,-0.697568788,-0.066864051,0.597114362,0.075336215,0.052965852,0.091665427,-0.248912686
3/1/20,0.511868144,-1.733198647,-0.909351098,0.201358387,-0.821164747,-0.052965852,-15.24880834,-1.190627773
4/1/20,0.479195709,-5.338741198,-3.035627931,-0.926547649,-2.124481272,-1.46538856,-15.75391289,-0.705547517
5/1/20,0.533649767,-4.157848996,-2.420478659,-0.320225581,-2.086813165,-1.218214586,-3.727591999,0.03682638
6/1/20,0.544540579,-2.796318538,0.895978288,0.08671744,-1.649863116,0.388416245,-1.425527256,-0.293544335
7/1/20,0.479195709,-1.665247413,1.457636319,0.711425461,-2.071745921,0.653245503,-0.735053443,-0.017759033
8/1/20,0.631667071,-1.151412274,2.166395263,0.133189399,-1.951207977,0.988695896,0.742138787,0.604651325
9/1/20,0.609885448,-0.930312817,1.457636319,0.504542949,-1.47658982,1.00635118,0.945647596,0.185679981
10/1/20,0.805920056,-0.660350379,2.260004935,0.286099563,-1.371119119,1.553664979,1.157597964,-0.15067207
11/1/20,0.740575187,-0.367467298,2.099531212,0.607165289,-1.740266574,1.359456857,1.33083068,0.332637813
12/1/20,0.871264926,-0.060654951,2.340241797,1.001162499,-1.453988956,1.853804805,1.202346878,0.39306568
1/1/21,1.089081157,0.214392774,1.48438194,1.237026372,-1.582060522,1.536009696,1.276783941,0.323127001
2/1/21,1.415805504,0.488187602,1.97917592,0.938645824,-1.747800196,1.906770657,1.499129999,1.198285375
3/1/21,1.720748228,0.726680217,2.407105848,1.365451245,-1.137576851,2.595326727,1.532477585,2.758914329
4/1/21,1.622730924,0.92508013,1.912311868,3.125477912,-0.881433719,1.889115373,1.249037424,2.117697532
5/1/21,1.568276866,0.983302987,2.273377746,1.65659336,-1.288249282,1.977391792,1.444267148,1.772465574
6/1/21,1.306897389,0.988167175,2.139649643,1.182058405,-1.092375122,1.871460089,1.439663861,1.805191523
7/1/21,1.143535215,0.952054264,1.99254873,0.339938803,-1.416320848,1.677251966,1.409297858,1.536754964
8/1/21,1.197989273,0.899727392,2.233259315,0.781472901,-2.237485595,1.747873102,1.349855653,1.210978286
9/1/21,1.350460635,0.856170799,2.233259315,0.003052941,-2.049145057,1.959736508,1.260546153,1.140087162
10/1/21,1.165316838,0.824627276,1.310535406,0.325818593,-2.132014894,1.906770657,1.544489849,1.945642603
11/1/21,0.991063853,0.797653143,1.537873181,0.150416989,-2.45596062,1.906770657,1.666678079,1.014882324
12/1/21,0.860374114,0.758150039,1.471009129,0.480446009,-2.214884731,1.518354412,1.673370749,1.064715468
1/1/22,0.664339506,0.693073099,1.056452011,0.084256618,-2.471027863,1.341801573,1.288749733,0.728729609
2/1/22,0.424741651,0.597115935,1.564618801,0.419187423,-2.80250721,1.483043844,1.252188906,0.298803798
3/1/22,0.043563246,0.459223573,0.50816679,0.420798141,-3.058650342,1.23586987,1.082004391,0.252452752
4/1/22,0.20692542,0.278511617,0.468048359,0.276710939,-2.621700293,1.041661748,0.87047838,-0.70834759
5/1/22,0.34850597,0.058222857,0.682013324,0.091432027,-3.133986558,1.076972315,0.733610531,-0.742046699
6/1/22,0.065344869,-0.170467682,-0.106982482,0.263308288,-3.766810766,0.5473138,0.541225648,-1.386609925
7/1/22,-0.239597855,-0.370267891,-0.267456205,0.201080115,-3.653806443,0.476692664,0.33329555,-1.014733244
8/1/22,-0.326724347,-0.526069309,0.173846533,-0.638654455,-3.149053801,0.512003232,0.245612675,-1.426782595
9/1/22,-0.424741651,-0.647526611,-0.387811498,-0.036612741,-3.118919315,0.176552839,0.34247427,-1.692527562
10/1/22,-0.446523274,-0.743041577,-0.106982482,-0.458591091,-3.020982235,0,0.194956628,-1.639833921
11/1/22,-0.76235681,-0.815635898,-0.374438688,-1.02191565,-3.254524502,-0.176552839,0.057425588,-1.30733815
12/1/22,-0.577213013,-0.860371689,-0.655267703,-1.329556387,-3.036049478,-0.282484542,0.082777532,-1.862041604
1/1/23,-0.751465998,-0.886240325,-1.00296077,-1.222017952,-2.644301158,-0.45903738,0.116046313,-1.247940828
2/1/23,-0.96928223,-0.900832889,-0.401184308,-0.639738758,-2.486095106,-0.406071529,-0.046802593,-1.217042678
3/1/23,-0.631667071,-0.898842994,-0.762250185,-1.018509045,-2.862776182,-0.653245503,-0.226964324,-1.221037334
4/1/23,-0.653448694,-0.866562473,-0.575030842,-0.986191288,-2.749771859,-0.512003232,-0.072917437,-0.576499205
5/1/23,-0.827701679,-0.805907522,-0.98958796,-0.521282458,-3.073717585,-0.5473138,-0.201361977,-0.561048452
6/1/23,-1.154426027,-0.720047233,-0.588403652,-0.715994152,-2.681969266,-0.706211354,-0.530187706,0.47567042
7/1/23,-0.991063853,-0.646200014,-0.361065877,-0.628760112,-2.139548515,-0.635590219,-0.228437838,0.06752296
8/1/23,-0.827701679,-0.588714155,-0.427929929,0.115750398,-2.297754567,-0.423726813,-0.35768733,0.248736887
9/1/23,-0.479195709,-0.549137352,-0.106982482,-0.30122851,-2.403225269,-0.176552839,0.067719196,0.603466076
10/1/23,-0.20692542,-0.513908839,-0.601776462,-0.082632923,-2.727170995,-0.582624367,0.160241491,-0.10890994
11/1/23,-0.392069217,-0.456865179,-0.294201826,0.374854059,-2.915511533,-0.600279651,0.071371686,0.12107392
12/1/23,-0.381178405,-0.367319899,-0.401184308,0.460383428,-2.282687324,-0.512003232,0.231936587,0.896566502
1/1/24,-0.304942724,-0.247410293,0.334320257,0.223332224,-1.582060522,-0.158897555,0.187215946,0.557689344
2/1/24,-0.424741651,-0.115561316,-0.106982482,-0.174447282,-1.740266574,-0.388416245,0.18606909,1.157688731
3/1/24,-0.424741651,0.007591081,0.187219344,-0.026566512,-1.551926036,0.052965852,0.099277523,1.126067435
4/1/24,-0.381178405,0.101632051,-0.120355292,-0.101183171,-1.717665709,-0.141242271,0.151318112,0.678297173
5/1/24,-0.41385084,0.169509584,-0.615149272,-0.430424755,-2.327889054,-0.22951869,-0.031475064,1.024805262
6/1/24,-0.381178405,0.169509584,-0.093609672,-0.129511748,-2.395691647,-0.264829258,-0.270501409,0.799728362
7/1/24,-0.217816231,-0.007369982,-0.347693067,-0.31379591,-2.531296835,-0.564969083,-0.257435302,0.650717899
8/1/24,0,0.029479928,-0.722131754,-0.339329113,-2.418292512,-0.494347948,-0.163582101,0.96450809
9/1/24,0.163362174,0.095809765,-0.5215396,-0.294533191,-2.252552838,-0.494347948,-0.069523005,1.537972032
10/1/24,0.130689739,0.169509584,-0.387811498,-0.37168655,-2.222418352,-0.617934935,-0.21578329,1.642769845
11/1/24,0.054454058,0.265319349,0.053491241,-0.049316731,-2.124481272,-0.282484542,0.043256554,1.391298599
12/1/24,0.359396782,0.420088969,0.280829016,-0.155544326,-1.958741598,-0.141242271,0.195233441,0.838360519
1/1/25,0.392069217,0.464308861,0.682013324,-0.115072373,-2.177216623,0.158897555,0.12922423,0.923587553
2/1/25,0.272270289,0.523268716,-0.187219344,-0.329897274,-2.659368401,0.052965852,-0.010085086,0.429769705
3/1/25,0.370287593,0.523268716,-0.641894893,-0.060096671,-3.239457259,-0.176552839,-0.036998133,-0.204170584
4/1/25,0.62077626,,-0.374438688,,-3.601071093,,0.032541883,0.035086645