time,10Y2Y_Yield,ISM New Orders,US_GDP_YOY,US_GDP_QOQ,Building Permits,Consumer Confidence,PMI,4-Week MA Initial Unemployment Claims,,,Unemployment Rate,US CLI,SP500,
6/1/76,0.84,60.6,3,6.2,1188000,83.3,58.2,393750,,,7.8,101.1063,104.279999,
7/1/76,1.12,58,NaN,NaN,1245000,NaN,55.9,390000,,,7.6,101.086,103.440002,#REF!
8/1/76,1.16,57.7,NaN,NaN,1309000,89.7,54.5,388500,,,7.7,101.0549,102.910004,#REF!
9/1/76,1.22,55.3,2.2,5,1481000,NaN,53.6,407500,,,7.8,101.042,105.239998,#REF!
10/1/76,1.39,57,NaN,NaN,1425000,NaN,53.5,409250,,,7.8,101.0711,102.900002,#REF!
11/1/76,1.59,55.7,NaN,NaN,1531000,87,51.7,389500,,,7.5,101.1665,102.099998,#REF!
12/1/76,1.47,58.9,2.9,4.3,1511000,NaN,56.6,373750,,,7.6,101.3215,107.459999,#REF!
1/1/77,1.22,57.2,NaN,NaN,1466000,NaN,54.8,407250,,,7.4,101.5058,102.029999,#REF!
2/1/77,1.37,56.8,NaN,NaN,1560000,87.1,55,450750,,,7.2,101.6953,99.82,#REF!
3/1/77,1.41,63.5,4.8,3.2,1660000,NaN,58.4,360250,,,7,101.862,98.419998,#REF!
4/1/77,1.31,60.3,NaN,NaN,1660000,NaN,56.9,371750,,,7.2,101.9733,98.440002,#REF!
5/1/77,1.2,64.5,NaN,NaN,1668000,90.2,59.7,380250,393541.6667,-0.033774484,6.9,102.0219,96.120003,#REF!
6/1/77,1.12,58.1,8,4.5,1752000,NaN,56.8,361250,390833.3333,-0.075692964,7,102.0086,100.480003,#REF!
7/1/77,0.92,58.9,NaN,NaN,1687000,NaN,57.7,364250,388687.5,-0.062871844,6.8,101.9454,98.849998,#REF!
8/1/77,0.69,58.8,NaN,NaN,1780000,89,54.9,367250,386916.6667,-0.050829205,6.8,101.8538,96.769997,-0.05966385
9/1/77,0.59,57,7.4,5.8,1674000,NaN,53.9,368750,383687.5,-0.038931422,6.8,101.7617,96.529999,-0.0827632
10/1/77,0.39,57.1,NaN,NaN,1758000,NaN,55.4,361750,379729.1667,-0.047347342,6.4,101.685,92.339996,-0.102623963
11/1/77,0.44,59.2,NaN,NaN,1771000,84.4,56.1,353500,376729.1667,-0.061660123,6.4,101.6252,94.830002,-0.071204663
12/1/77,0.56,60.7,0,5,1754000,NaN,59.8,357750,375395.8333,-0.047005938,6.3,101.5877,95.099998,-0.115019553
1/1/78,0.47,60.6,NaN,NaN,1740000,83.7,57.4,351000,370708.3333,-0.053163988,6.3,101.5837,89.25,-0.125257269
2/1/78,0.47,56.2,NaN,NaN,1736000,84.3,55.9,383250,365083.3333,0.049760329,6.1,101.6239,87.040001,-0.128030445
3/1/78,0.45,56.6,1.3,4.1,1799000,78.8,55,349000,364145.8333,-0.041592768,6,101.7414,89.209999,-0.093578533
4/1/78,0.27,60.2,NaN,NaN,1948000,81.6,57.7,324250,360187.5,-0.099774423,5.9,101.9073,96.830002,-0.01635514
5/1/78,0.3,63.9,NaN,NaN,1766000,82.9,60.2,327000,355750,-0.080815179,6.2,102.0753,97.239998,0.011652049
6/1/78,0.14,63.6,16.4,6.1,1983000,80,60.5,324250,352666.6667,-0.08057656,5.9,102.2027,95.529999,-0.049263573
7/1/78,0.09,64.7,NaN,NaN,1786000,82.4,62.2,350750,351541.6667,-0.002251985,6,102.2652,100.68,0.018512919
8/1/78,-0.07,61.3,NaN,NaN,1691000,78.4,60.3,348750,350000,-0.003571429,5.8,102.2534,103.290001,0.067376296
9/1/78,-0.14,61.3,4.1,5.3,1751000,80.4,60.5,325000,346354.1667,-0.061654135,5.9,102.1695,102.540001,0.062260459
10/1/78,-0.53,58.8,NaN,NaN,1781000,79.3,60.1,328250,343562.5,-0.044569765,6,102.0206,93.150002,0.008771995
11/1/78,-0.69,61.9,NaN,NaN,1795000,75,61.3,330500,341645.8333,-0.03262394,5.9,101.8281,94.699997,-0.001370927
12/1/78,-0.83,59.9,5.5,6.7,1818000,66.1,59.4,350250,341020.8333,0.027063351,5.9,101.6282,96.110001,0.010620431
1/1/79,-0.69,57.3,NaN,NaN,1461000,72.1,58.5,357500,341562.5,0.046660567,5.8,101.4505,99.93,0.119663866
2/1/79,-0.72,58.6,NaN,NaN,1492000,73.9,58.2,358500,339500,0.055964654,5.8,101.2773,96.279999,0.106158064
3/1/79,-0.61,56.7,0.7,6.5,1720000,68.4,57.7,358750,340312.5,0.054178145,5.6,101.0777,101.589996,0.138773648
4/1/79,-0.56,55.1,NaN,NaN,1597000,66,56.2,415500,347916.6667,0.194251497,5.7,100.8379,101.760002,0.050913972
5/1/79,-0.5,52.1,NaN,NaN,1684000,68.1,54.4,348000,349666.6667,-0.004766444,5.7,100.5773,99.080002,0.018922296
6/1/79,-0.16,49.4,0.4,2.7,1640000,65.8,52.7,366000,353145.8333,0.036399033,6,100.3068,102.910004,0.077253272
7/1/79,-0.3,49.8,NaN,NaN,1534000,60.4,51.3,379250,355520.8333,0.066744799,5.9,100.0391,103.809998,0.031088578
8/1/79,-0.6,46.9,NaN,NaN,1591000,64.5,49.5,393750,359270.8333,0.095969846,6,99.7856,109.32,0.05837931
9/1/79,-0.66,48.7,3,2.4,1638000,66.7,49.6,385000,364270.8333,0.056905919,5.9,99.5369,109.32,0.066120528
10/1/79,-1.34,47.3,NaN,NaN,1481000,62.1,49,402250,370437.5,0.085878185,6,99.2732,101.82,0.093075661
11/1/79,-0.95,46.5,NaN,NaN,1276000,63.3,48,413250,377333.3333,0.095185512,6.3,98.9921,106.160004,0.121013805
12/1/79,-0.9,44.3,1,1.3,1254000,61,44.8,431250,384083.3333,0.122803211,6.3,98.7006,107.940002,0.123088137
1/1/80,-0.62,47.1,NaN,NaN,1280000,67,46.2,414250,388812.5,0.065423565,6.3,98.4007,115.12,0.152006404
2/1/80,-2.01,51.6,NaN,NaN,1199000,66.9,50.2,418000,393770.8333,0.061531136,6.9,98.0757,113.66,0.180515176
3/1/80,-1.99,43.8,1.3,1.4,988000,56.5,43.6,440000,400541.6667,0.098512431,7.5,97.7663,102.09,0.004921784
4/1/80,-0.05,32,NaN,NaN,808000,52.7,37.4,529750,410062.5,0.291876238,7.6,97.5948,106.29,0.044516489
5/1/80,1,25.6,NaN,NaN,861000,51.7,29.4,626750,433291.6667,0.446485239,7.8,97.653,111.24,0.122729085
6/1/80,1.12,24.2,-8,-0.8,1118000,58.7,30.3,607000,453375,0.338847532,7.7,97.9755,114.24,0.110096157
7/1/80,1.04,36.1,NaN,NaN,1259000,62.3,35,559250,468375,0.194021884,7.5,98.4905,121.67,0.172045105
8/1/80,0.19,54.1,NaN,NaN,1367000,67.3,45.5,518000,478729.1667,0.08203142,7.5,99.0702,122.38,0.119465789
9/1/80,-0.27,53.9,-0.5,-1.6,1484000,73.7,50.1,482750,486875,-0.008472401,7.5,99.5773,125.48,0.147822905
10/1/80,-0.62,63.7,NaN,NaN,1366000,75,55.5,438000,489854.1667,-0.105856335,7.2,99.9124,127.47,0.251915144
11/1/80,-1.41,65.3,NaN,NaN,1383000,76.7,58.2,411000,489666.6667,-0.160653506,7.5,100.0493,140.52,0.323662347
12/1/80,-0.63,51.2,7.7,0,1249000,64.5,53,410000,487895.8333,-0.159656689,7.4,100.0331,135.76,0.257735756
1/1/81,-0.58,48.7,NaN,NaN,1221000,71.4,49.2,413750,487854.1667,-0.151898194,7.4,99.9394,129.55,0.125347464
2/1/81,-0.65,51.1,NaN,NaN,1199000,66.9,48.8,428750,488750,-0.122762148,7.2,99.8194,131.27,0.154935773
3/1/81,-0.04,50.2,8.1,1.6,1183000,66.5,49.6,407500,486041.6667,-0.161594514,7.5,99.6982,136,0.3321579
4/1/81,-0.73,53.1,NaN,NaN,1190000,72.4,51.6,410250,476083.3333,-0.138281113,7.5,99.5445,132.87,0.250070562
5/1/81,-0.9,55.7,NaN,NaN,1173000,76.3,53.5,417250,458625,-0.090215318,7.2,99.3296,132.59,0.191927364
6/1/81,-0.8,51,-2.9,3,976000,73.1,50.7,433000,444125,-0.025049254,7.4,99.0692,131.21,0.148546919
7/1/81,-1.17,47.6,NaN,NaN,935000,74.1,46.7,430750,433416.6667,-0.006152663,7.6,98.7977,130.92,0.076025314
8/1/81,-1.32,47.2,NaN,NaN,889000,77.2,48.3,443750,427229.1667,0.038669723,7.9,98.5198,122.79,0.003350221
9/1/81,-0.85,42.2,4.9,4.3,847000,73.1,42.5,473250,426437.5,0.109775758,8.3,98.2141,116.18,-0.074115397
10/1/81,0.04,40.2,NaN,NaN,731000,70.3,40,493750,431083.3333,0.145370191,8.5,97.8933,121.89,-0.043775006
11/1/81,0.77,32.8,NaN,NaN,748000,62.5,36.1,511750,439479.1667,0.164446551,8.6,97.5781,126.35,-0.100839738
12/1/81,0.35,39.1,-4.3,1.3,796000,64.3,37.8,551000,451229.1667,0.221109008,8.9,97.2925,122.55,-0.097304066
1/1/82,-0.1,39.9,NaN,NaN,794000,71,38.2,545250,462187.5,0.179716024,9,97.0237,120.4,-0.070629101
2/1/82,-0.41,38.6,NaN,NaN,808000,66.5,38.3,533750,470937.5,0.133377571,9.3,96.7536,113.11,-0.138340824
3/1/82,-0.34,40.4,-6.1,-2.2,891000,62,36.8,556500,483354.1667,0.151329684,9.4,96.5106,111.96,-0.176764706
4/1/82,-0.12,40.9,NaN,NaN,888000,65.5,37.8,587000,498083.3333,0.178517651,9.6,96.3412,116.44,-0.1236547
5/1/82,0.09,38.1,NaN,NaN,953000,67.5,35.5,585750,512125,0.14376373,9.8,96.2624,111,-0.162832793
6/1/82,-0.22,42,1.8,-1,913000,65.7,38.3,599500,526000,0.13973384,9.8,96.2809,109.61,-0.164621599
7/1/82,0.51,40.7,NaN,NaN,1044000,65.4,38.4,570000,537604.1667,0.06025964,10.1,96.3841,107.09,-0.182019554
8/1/82,0.82,40.1,NaN,NaN,926000,65.4,38.3,629500,553083.3333,0.138164834,10.4,96.558,119.51,-0.026712273
9/1/82,0.5,40.4,-1.5,-2.6,1042000,69.3,38.8,660750,568708.3333,0.161843358,10.8,96.8067,120.42,0.036495094
10/1/82,0.86,41.9,NaN,NaN,1149000,73.4,39.4,641750,581041.6667,0.104481893,10.8,97.1245,133.72,0.097054721
11/1/82,0.83,41.5,NaN,NaN,1229000,72.1,39.2,594250,587916.6667,0.010772502,10.4,97.5232,138.53,0.096398892
12/1/82,0.88,46,0.2,-1.4,1351000,71.9,42.8,523750,585645.8333,-0.105688165,10.4,98.0113,140.64,0.147613219
1/1/83,1.22,50.3,NaN,NaN,1426000,70.4,46,492750,581270.8333,-0.152288448,10.3,98.5756,145.3,0.206810631
2/1/83,0.96,60.6,NaN,NaN,1471000,74.6,54.4,488750,577520.8333,-0.153710184,10.2,99.1889,148.05,0.308902838
3/1/83,0.75,60.8,5.4,1.4,1475000,80.8,53.9,480250,571166.6667,-0.159177123,10.1,99.8203,152.96,0.366202215
4/1/83,0.92,59.4,NaN,NaN,1566000,89.1,54.2,497250,563687.5,-0.117862291,10.1,100.4371,164.43,0.412143593
5/1/83,0.79,61.8,NaN,NaN,1669000,93.3,56.1,468000,553875,-0.155044008,9.4,101.0045,162.39,0.462972973
6/1/83,0.73,62.3,9.4,3.3,1769000,92.2,57.5,444250,540937.5,-0.178740612,9.5,101.4899,168.11,0.533710428
7/1/83,0.73,70.3,NaN,NaN,1795000,92.8,63.6,404500,527145.8333,-0.232660159,9.2,101.8771,162.56,0.517975535
8/1/83,0.8,68.1,NaN,NaN,1713000,90.9,63.1,435750,511000,-0.147260274,8.8,102.1664,164.4,0.375617103
9/1/83,0.91,66.9,8.2,5.7,1585000,89.9,62.5,408750,490000,-0.165816327,8.5,102.3778,166.07,0.379089852
10/1/83,1.13,69.5,NaN,NaN,1716000,89.3,64.4,399500,469812.5,-0.149660769,8.3,102.5191,163.55,0.223078074
11/1/83,0.96,69.2,NaN,NaN,1668000,91.1,66,392500,453000,-0.133554084,8,102.5957,166.39,0.201111673
12/1/83,0.97,74.8,8.6,7.9,1627000,94.2,69.9,369750,440166.6667,-0.159977281,7.8,102.61,164.93,0.172710466
1/1/84,1.09,63.7,NaN,NaN,1816000,100.1,60.5,351000,428354.1667,-0.180584602,7.8,102.5661,163.42,0.124707502
2/1/84,1.05,64.9,NaN,NaN,1987000,97.4,61.3,339250,415895.8333,-0.184290938,7.7,102.4535,157.06,0.060857818
3/1/84,0.93,60.9,8.1,8.6,1725000,101,58.9,345500,404666.6667,-0.146210873,7.4,102.2651,159.18,0.040664226
4/1/84,0.93,63.2,NaN,NaN,1776000,96.1,61,369250,394000,-0.062817259,7.2,102.0091,160.04,-0.026698291
5/1/84,0.91,59.2,NaN,NaN,1741000,98.1,58.6,360250,385020.8333,-0.064336345,7.5,101.7149,150.55,-0.072910894
6/1/84,0.67,60.5,7.1,8,1814000,95.5,58.1,363000,378250,-0.04031725,7.5,101.4064,153.18,-0.088810898
7/1/84,0.34,54.1,NaN,NaN,1605000,96.6,56.1,360500,374583.3333,-0.03759733,7.3,101.1153,150.66,-0.07320374
8/1/84,0.25,54,NaN,NaN,1530000,99.1,53,389500,370729.1667,0.0506322,7.4,100.8609,166.68,0.013868613
9/1/84,0.4,47.2,3.9,6.9,1523000,100.9,50,398000,369833.3333,0.076160433,7.2,100.66,166.1,0.000180647
10/1/84,0.7,52.9,NaN,NaN,1490000,96.3,50.8,419250,371479.1667,0.128596265,7.3,100.5192,166.09,0.015530419
11/1/84,1.08,52,NaN,NaN,1643000,95.7,50.3,407000,372687.5,0.092067751,7.3,100.4246,163.58,-0.016888034
12/1/84,1.53,52.8,3.3,5.6,1626000,92.9,50.6,381750,373687.5,0.021575514,7.2,100.3545,167.24,0.014005942
1/1/85,1.27,51.8,NaN,NaN,1660000,96,50.3,370750,375333.3333,-0.012211368,7.2,100.3003,179.63,0.099192265
2/1/85,1.25,51.8,NaN,NaN,1662000,93.7,49.9,391750,379708.3333,0.031712938,7.3,100.2492,181.18,0.153571883
3/1/85,1.22,49.1,3.9,4.6,1727000,93.7,47.8,382500,382791.6667,-0.000761946,7.2,100.2071,180.66,0.134941576
4/1/85,1.5,51.3,NaN,NaN,1664000,94.6,48.2,398250,385208.3333,0.033856138,7.4,100.1728,179.83,0.123656586
5/1/85,1.36,49.5,NaN,NaN,1709000,91.8,47.1,392750,387916.6667,0.012459721,7.4,100.1426,189.57,0.259182996
6/1/85,1.58,50.7,3.6,3.7,1716000,96.5,47.8,392250,390354.1667,0.004856701,7.1,100.1168,191.85,0.2524481
7/1/85,1.56,52.5,NaN,NaN,1697000,94,47.9,378250,391833.3333,-0.0346661,7.1,100.0853,190.92,0.267224213
8/1/85,1.32,51.8,NaN,NaN,1808000,92.4,47.7,403750,393020.8333,0.027299231,7.1,100.0571,188.63,0.131689465
9/1/85,1.43,54.6,6.3,4.3,1916000,92.1,49.9,408500,393895.8333,0.037076215,7,100.0371,182.08,0.096207104
10/1/85,1.31,53.4,NaN,NaN,1743000,88.4,50.9,405750,392770.8333,0.033045139,7,100.0315,189.82,0.142874345
11/1/85,1.13,57.2,NaN,NaN,1692000,90.9,52,392250,391541.6667,0.001809088,6.7,100.0465,202.17,0.235909035
12/1/85,1.02,54.8,3,4.2,1794000,93.9,50.7,385250,391833.3333,-0.016801361,7.2,100.0781,211.28,0.263334131
1/1/86,1.09,56.7,NaN,NaN,1847000,95.6,51.2,366750,391500,-0.063218391,7.2,100.1041,211.78,0.178979012
2/1/86,0.42,57.1,NaN,NaN,1767000,95.9,51,369500,389645.8333,-0.051702935,7.1,100.1129,226.92,0.252456121
3/1/86,0.47,54.5,3.8,4.2,1780000,95.1,51,382750,389666.6667,-0.017750214,7.2,100.1051,238.9,0.322373519
4/1/86,0.55,54.4,NaN,NaN,1858000,96.2,49.7,385750,388625,-0.007397877,7.2,100.0901,235.52,0.309681366
5/1/86,0.69,61.1,NaN,NaN,1797000,94.8,53.4,384500,387937.5,-0.008860963,7,100.0725,247.35,0.304795063
6/1/86,0.54,55.3,1.8,3.7,1790000,99.3,50.5,370500,386125,-0.04046617,6.9,100.0406,250.84,0.307479802
7/1/86,0.77,51.2,NaN,NaN,1780000,97.7,48,362000,384770.8333,-0.059180248,7,99.9905,236.12,0.236748376
8/1/86,1.01,58.4,NaN,NaN,1726000,94.9,52.6,405250,384895.8333,0.052882273,7,99.9363,252.93,0.340878969
9/1/86,1.07,57.3,3.9,3.1,1686000,91.9,52.4,395500,383812.5,0.030451067,6.9,99.8863,231.32,0.27043058
10/1/86,1.08,54.5,NaN,NaN,1675000,95.6,51.2,383250,381937.5,0.003436426,6.6,99.8502,243.98,0.285322938
11/1/86,0.94,57,NaN,NaN,1644000,91.4,51.2,363000,379500,-0.043478261,6.6,99.8504,249.22,0.232724934
12/1/86,0.88,55.4,2.2,2.9,1903000,89.1,50.5,358250,377250,-0.05036448,6.6,99.9145,242.16,0.146156759
1/1/87,0.85,59.8,NaN,NaN,1690000,90.4,54.9,351250,375958.3333,-0.065720935,6.6,100.0558,274.08,0.294173199
2/1/87,0.84,55.4,NaN,NaN,1689000,90.2,52.6,348750,374229.1667,-0.068084396,6.3,100.2579,284.2,0.252423762
3/1/87,0.97,61.6,3,2.7,1704000,90.8,55,333250,370104.1667,-0.099577822,6.3,100.4872,291.7,0.221012976
4/1/87,0.83,59.8,NaN,NaN,1601000,92.8,55.5,336250,365979.1667,-0.081231855,6.2,100.7043,288.35,0.22431216
5/1/87,0.8,63.4,NaN,NaN,1500000,91.1,57.2,331250,361541.6667,-0.083784718,6.1,100.887,290.1,0.172832019
6/1/87,0.9,61.2,4.4,3.4,1522000,91.5,57.4,322250,357520.8333,-0.098653925,6,101.0163,304,0.211927922
7/1/87,1.03,64,NaN,NaN,1516000,93.7,57.5,319250,353958.3333,-0.098057681,5.9,101.0722,318.66,0.349568016
8/1/87,1.03,62.7,NaN,NaN,1511000,94.4,59.3,320000,346854.1667,-0.077422067,6,101.0342,329.79,0.303878543
9/1/87,1.03,62.1,3.5,3.3,1514000,93.6,60,309750,339708.3333,-0.088188397,5.8,100.9083,321.83,0.391276154
10/1/87,1.3,65.3,NaN,NaN,1447000,89.3,60.7,299750,332750,-0.099173554,5.7,100.7252,251.79,0.032010821
11/1/87,1.26,59.3,NaN,NaN,1457000,83.1,58.8,306750,328062.5,-0.064964755,5.7,100.5381,230.31,-0.075876735
12/1/87,1.06,61.5,7,4.5,1345000,86.8,61,318750,324770.8333,-0.018538713,5.7,100.4062,247.09,0.020358441
1/1/88,1.04,60.3,NaN,NaN,1244000,90.8,57.5,340750,323895.8333,0.052035763,5.7,100.3373,257.07,-0.062062172
2/1/88,1.03,57,NaN,NaN,1438000,91.6,56.2,318750,321395.8333,-0.00823232,5.4,100.3233,267.82,-0.057635468
3/1/88,1.16,57.9,2.1,4.2,1525000,94.6,54.6,305500,319083.3333,-0.042569862,5.6,100.353,258.89,-0.112478574
4/1/88,1.14,57.6,NaN,NaN,1429000,91.2,55.8,313000,317145.8333,-0.013072325,5.4,100.4117,261.33,-0.093705566
5/1/88,0.99,57.7,NaN,NaN,1444000,94.8,55.5,313750,315687.5,-0.006137399,5.4,100.4862,262.14,-0.096380558
6/1/88,0.8,63.6,5.4,4.5,1485000,94.7,59.3,308250,314520.8333,-0.019937736,5.6,100.5551,273.5,-0.100328947
7/1/88,0.73,60.6,NaN,NaN,1439000,93.4,58.2,325750,315062.5,0.033921841,5.4,100.5965,272.01,-0.146394276
8/1/88,0.54,59.2,NaN,NaN,1460000,97.4,56,314750,314625,0.000397298,5.4,100.6146,261.52,-0.207010522
9/1/88,0.44,58.6,2.4,4.2,1436000,97.3,54.5,304500,314187.5,-0.030833499,5.3,100.619,271.91,-0.155112948
10/1/88,0.4,57.2,NaN,NaN,1516000,94.1,55.4,291250,313479.1667,-0.070911145,5.3,100.618,278.97,0.107947099
11/1/88,0.22,58.4,NaN,NaN,1508000,93,55.6,290500,312125,-0.06928314,5.4,100.612,273.69,0.188354826
12/1/88,0,59,5.4,3.8,1501000,91.9,56,292000,309895.8333,-0.057747899,5.2,100.5929,277.72,0.123962928
1/1/89,-0.11,57.3,NaN,NaN,1466000,97.9,54.7,289750,305645.8333,-0.052007361,5,100.5383,297.48,0.157194538
2/1/89,-0.23,57.3,NaN,NaN,1383000,95.4,54.1,303750,304395.8333,-0.002121689,5.2,100.43,288.86,0.078560227
3/1/89,-0.43,52,4.1,4.3,1214000,94.3,51.5,322000,305770.8333,0.053076242,5.2,100.2751,294.87,0.138977944
4/1/89,-0.2,53.1,NaN,NaN,1376000,91.5,52.2,309000,305437.5,0.011663597,5.3,100.1007,309.64,0.184862052
5/1/89,-0.22,50.7,NaN,NaN,1381000,90.7,49.3,324500,306333.3333,0.059303591,5.2,99.9332,320.52,0.222705425
6/1/89,0.02,45.6,3.1,3.8,1322000,90.6,47.3,333000,308395.8333,0.079781125,5.2,99.8031,317.98,0.162632541
7/1/89,0.29,45.8,NaN,NaN,1283000,92,45.9,339750,309562.5,0.097516657,5.3,99.7228,346.08,0.272306165
8/1/89,-0.16,45.2,NaN,NaN,1334000,89.6,45.1,334500,311208.3333,0.074842683,5.3,99.6907,351.45,0.343874273
9/1/89,-0.15,46,3,3.9,1314000,95.8,46,337750,313979.1667,0.075708314,5.4,99.6919,349.15,0.28406458
10/1/89,0.07,49.3,NaN,NaN,1365000,93.9,46.8,363250,319979.1667,0.135230158,5.4,99.7053,340.36,0.220059505
11/1/89,0.09,49.3,NaN,NaN,1344000,90.9,46.8,336750,323833.3333,0.039886773,5.4,99.7283,345.99,0.264167489
12/1/89,0.06,50.4,0.8,2.7,1422000,90.5,47.4,358000,329333.3333,0.087044534,5.3,99.7581,353.4,0.272504681
1/1/90,0.15,49.1,NaN,NaN,1748000,93,47.2,361000,335270.8333,0.07674144,5.2,99.7921,329.08,0.106225629
2/1/90,0.08,52.5,NaN,NaN,1329000,89.5,49.1,358250,339812.5,0.054257863,5.4,99.8225,331.89,0.148964896
3/1/90,0.01,52.3,4.4,2.8,1246000,91.3,49.9,343750,341625,0.006220271,5.4,99.822,339.94,0.152847017
4/1/90,0.08,53.7,NaN,NaN,1136000,93.9,50,361750,346020.8333,0.045457282,5.2,99.7471,330.8,0.068337424
5/1/90,0.1,51.7,NaN,NaN,1067000,90.6,49.5,355250,348583.3333,0.01912503,5.5,99.5769,361.23,0.127012355
6/1/90,0.19,52,1.5,2.4,1108000,88.3,49.2,361000,350916.6667,0.028734267,5.7,99.2914,358.02,0.125919869
7/1/90,0.45,46.7,NaN,NaN,1078000,88.2,46.6,367000,353187.5,0.039108122,5.9,98.8964,356.15,0.029097319
8/1/90,0.79,45.5,NaN,NaN,1069000,76.4,46.1,384250,357333.3333,0.075326493,5.9,98.4229,322.56,-0.082202305
9/1/90,0.8,44.9,0.3,1.7,976000,72.8,44.5,394500,362062.5,0.089590886,6.2,97.9434,306.05,-0.123442646
10/1/90,0.88,43.1,NaN,NaN,925000,63.9,43.2,425250,367229.1667,0.157996256,6.3,97.5269,304,-0.106828064
11/1/90,0.73,40.4,NaN,NaN,941000,66,41.3,446750,376395.8333,0.186915371,6.4,97.2387,322.22,-0.068701408
12/1/90,0.93,38.5,-3.6,0.6,861000,65.5,40.8,456000,384562.5,0.185763042,6.6,97.1241,330.22,-0.065591398
1/1/91,0.98,38.1,NaN,NaN,786000,66.8,39.2,439750,391125,0.124320869,6.8,97.1829,343.93,0.045125805
2/1/91,0.98,39.2,NaN,NaN,853000,70.4,39.4,484000,401604.1667,0.205166779,6.7,97.3984,367.07,0.105998976
3/1/91,1.03,42.4,-1.9,-1,911000,87.7,40.7,501250,414729.1667,0.208620083,6.9,97.7189,375.22,0.103783021
4/1/91,1.22,46.1,NaN,NaN,916000,81.8,42.8,467250,423520.8333,0.103251513,6.9,98.0845,375.35,0.134673519
5/1/91,1.38,48.9,NaN,NaN,991000,78.3,44.5,447000,431166.6667,0.036722072,6.8,98.4521,389.83,0.079173934
6/1/91,1.34,58.4,3.2,-0.5,964000,82.1,50.3,427750,436729.1667,-0.020560034,6.9,98.7886,371.16,0.03670186
7/1/91,1.39,55.6,NaN,NaN,973000,82.9,50.6,418250,441000,-0.051587302,6.9,99.0467,387.81,0.088895128
8/1/91,1.46,60.1,NaN,NaN,944000,82,52.9,430000,444812.5,-0.033300548,7,99.1875,395.43,0.225911458
9/1/91,1.48,60.7,2,-0.1,974000,83,54.9,424500,447312.5,-0.050999022,7,99.2174,387.86,0.267309263
10/1/91,1.77,58,NaN,NaN,991000,78.3,53.1,422750,447104.1667,-0.054470901,7.3,99.1691,392.46,0.290986842
11/1/91,2,53.5,NaN,NaN,984000,69.1,49.5,445000,446958.3333,-0.004381467,7.3,99.0966,375.22,0.164483893
12/1/91,1.94,49.5,1.4,1.2,1061000,68.2,46.8,456750,447020.8333,0.021764459,7.4,99.0632,417.09,0.263067046
1/1/92,2.2,49.6,NaN,NaN,1077000,67.5,47.3,439000,446958.3333,-0.017805537,7.4,99.1134,408.79,0.188584886
2/1/92,2,58.3,NaN,NaN,1146000,68.8,52.7,442750,443520.8333,-0.001737987,7.4,99.239,412.7,0.124308715
3/1/92,1.94,63.3,4.9,2.9,1082000,76,54.6,429500,437541.6667,-0.018379202,7.6,99.4083,403.69,0.075875486
4/1/92,2.15,59.1,NaN,NaN,1054000,77.2,52.6,418250,433458.3333,-0.035086033,7.8,99.5617,414.95,0.105501532
5/1/92,2.14,60.9,NaN,NaN,1056000,79.2,55.7,414000,430708.3333,-0.038792686,7.7,99.6589,415.35,0.065464433
6/1/92,2.31,59.8,4.4,3.2,1057000,80.4,53.6,418750,429958.3333,-0.026068417,7.6,99.6878,408.14,0.099633581
7/1/92,2.3,59.5,NaN,NaN,1089000,76.6,53.9,442750,432000,0.024884259,7.6,99.6767,424.22,0.093886181
8/1/92,2.47,58.8,NaN,NaN,1075000,76.1,53.4,403250,429770.8333,-0.061709244,7.3,99.6662,414.03,0.047037402
9/1/92,2.57,51.1,4,3.7,1114000,75.6,49.7,417000,429145.8333,-0.028302345,7.4,99.6993,417.8,0.077192802
10/1/92,2.4,53.8,NaN,NaN,1132000,73.3,50.3,372750,424979.1667,-0.122898181,7.4,99.7999,418.68,0.066809356
11/1/92,2.16,58.8,NaN,NaN,1118000,85.3,53.6,362250,418083.3333,-0.133545944,7.3,99.9458,431.35,0.149592239
12/1/92,2.14,61,4.2,4.4,1176000,91,54.2,339000,408270.8333,-0.169668827,7.1,100.0767,435.71,0.044642643
1/1/93,2.19,63,NaN,NaN,1177000,89.3,55.8,346750,400583.3333,-0.134387352,7,100.1406,438.78,0.073362851
2/1/93,2.11,59.7,NaN,NaN,1148000,86.6,55.2,338250,391875,-0.136842105,7.1,100.1239,443.38,0.074339714
3/1/93,2.07,58.1,0.7,3.3,1056000,85.9,53.5,351000,385333.3333,-0.089100346,7.1,100.033,451.67,0.118853576
4/1/93,2.22,53,NaN,NaN,1104000,85.6,50.2,354750,380041.6667,-0.06654972,7,99.8991,440.19,0.060826606
5/1/93,1.92,55.2,NaN,NaN,1112000,80.3,51.2,343750,374187.5,-0.08134291,6.9,99.7433,450.21,0.083929216
6/1/93,1.77,51.6,2.3,2.8,1130000,81.5,49.6,342750,367854.1667,-0.068244889,6.8,99.6124,450.53,0.10386142
7/1/93,1.7,53.8,NaN,NaN,1174000,77,50.2,355000,360541.6667,-0.015370392,6.7,99.5413,448.13,0.056362265
8/1/93,1.57,55.3,NaN,NaN,1230000,77.3,50.7,341000,355354.1667,-0.040393973,6.8,99.5553,463.56,0.119629012
9/1/93,1.51,52.6,1.9,2.3,1251000,77.9,50.8,339000,348854.1667,-0.028247238,6.6,99.6606,458.93,0.098444232
10/1/93,1.44,58.9,NaN,NaN,1287000,82.7,53.4,354000,347291.6667,0.019316137,6.5,99.8471,467.83,0.117392758
11/1/93,1.61,60.4,NaN,NaN,1357000,81.2,53.8,341000,345520.8333,-0.013084112,6.6,100.0841,461.79,0.070569143
12/1/93,1.58,62.4,5.6,2.6,1461000,88.2,55.6,323000,344187.5,-0.061558017,6.6,100.3465,466.45,0.070551514
1/1/94,1.58,63.5,NaN,NaN,1390000,94.3,56,363750,345604.1667,0.052504672,6.5,100.5925,481.61,0.097611559
2/1/94,1.48,62.2,NaN,NaN,1269000,93.2,56.5,348500,346458.3333,0.005892965,6.4,100.7934,467.14,0.053588344
3/1/94,1.56,62.8,3.9,3.4,1342000,91.5,56.9,335750,345187.5,-0.027340214,6.1,100.943,445.76,-0.013084774
4/1/94,1.33,62.7,NaN,NaN,1392000,92.6,57.4,344500,344333.3333,0.000484027,6.1,101.0377,450.91,0.02435312
5/1/94,1.16,61.6,NaN,NaN,1396000,92.8,58.2,359000,345604.1667,0.038760625,6.1,101.08,456.51,0.01399347
6/1/94,1.15,65,5.5,4.2,1357000,91.2,58.8,340000,345375,-0.015562794,6,101.0759,444.27,-0.013894746
7/1/94,1.13,64.2,NaN,NaN,1335000,89,58.5,344250,344479.1667,-0.000665256,5.9,101.0401,458.25,0.022582733
8/1/94,1.02,63,NaN,NaN,1377000,91.7,58,336250,344083.3333,-0.022765803,5.8,100.9875,475.5,0.025757184
9/1/94,1,62.7,2.4,4.3,1412000,91.5,59,330250,343354.1667,-0.03816516,5.6,100.9194,462.71,0.00823655
10/1/94,0.97,63,NaN,NaN,1397000,92.7,59.4,334250,341708.3333,-0.021826607,5.5,100.8282,472.35,0.009661629
11/1/94,0.51,61.5,NaN,NaN,1340000,91.6,59.2,328000,340625,-0.03706422,5.6,100.6909,453.69,-0.01754044
12/1/94,0.15,58.9,4.7,4.1,1396000,95.1,56.1,323000,340625,-0.051743119,5.4,100.4961,461.17,-0.011319541
1/1/95,0.34,59.7,NaN,NaN,1282000,97.6,57.4,333500,338104.1667,-0.013617598,5.4,100.2388,470.42,-0.023234567
2/1/95,0.43,56.6,NaN,NaN,1254000,95.1,55.1,337750,337208.3333,0.001606326,5.8,99.9211,487.39,0.043348889
3/1/95,0.4,51.9,1.4,3.5,1226000,90.3,52.1,340250,337583.3333,0.007899284,5.6,99.5741,500.71,0.123272613
4/1/95,0.47,52.2,NaN,NaN,1259000,92.5,51.5,354000,338375,0.046176579,5.6,99.251,514.71,0.14149165
5/1/95,0.41,44,NaN,NaN,1271000,89.8,46.7,370250,339312.5,0.091177012,5.7,98.9958,533.4,0.168430045
6/1/95,0.42,43.5,1.2,2.4,1305000,92.7,45.9,366250,341500,0.072474378,5.7,98.8257,544.75,0.226168771
7/1/95,0.57,52.7,NaN,NaN,1354000,94.4,50.7,375500,344104.1667,0.091239329,5.6,98.7275,562.06,0.226535734
8/1/95,0.43,46.5,NaN,NaN,1386000,96.2,47.1,356250,345770.8333,0.030306682,5.5,98.6666,561.88,0.181661409
9/1/95,0.34,49.4,3.5,2.7,1421000,88.9,48.1,363750,348562.5,0.043571813,5.6,98.6142,584.41,0.263015712
10/1/95,0.42,47.5,NaN,NaN,1400000,90.2,46.7,371500,351666.6667,0.056398104,5.6,98.5701,581.5,0.231078649
11/1/95,0.4,48.6,NaN,NaN,1430000,88.2,45.9,377000,355750,0.059732959,5.6,98.5491,605.37,0.3343252
12/1/95,0.4,45.9,2.7,2.2,1442000,91,46.2,363000,359083.3333,0.010907403,5.5,98.5658,615.93,0.335581239
1/1/96,0.67,44.1,NaN,NaN,1387000,89.3,45.5,374000,362458.3333,0.031842741,5.5,98.6326,636.02,0.352025849
2/1/96,0.69,46.1,NaN,NaN,1420000,88.5,45.9,377250,365750,0.031442242,5.6,98.757,640.43,0.313999056
3/1/96,0.55,49.1,3,2.6,1437000,93.7,46.9,391000,369979.1667,0.056816262,5.6,98.9266,645.5,0.289169379
4/1/96,0.63,52.3,NaN,NaN,1463000,92.7,49.3,359250,370416.6667,-0.030146232,5.3,99.1057,654.17,0.27094869
5/1/96,0.58,51.7,NaN,NaN,1457000,89.4,49.1,344500,368270.8333,-0.064547152,5.5,99.2734,669.12,0.254443195
6/1/96,0.62,59.4,6.8,4,1429000,92.4,53.6,342750,366312.5,-0.064323494,5.1,99.4094,670.63,0.231078476
7/1/96,0.58,51.9,NaN,NaN,1450000,94.7,49.7,337000,363104.1667,-0.071891675,5.2,99.5043,639.95,0.138579511
8/1/96,0.62,54.6,NaN,NaN,1413000,95.3,51.6,333250,361187.5,-0.077349022,5.2,99.5794,651.99,0.160372321
9/1/96,0.62,54.6,3.6,4.1,1392000,94.7,51.1,342750,359437.5,-0.046426708,5.4,99.6506,687.33,0.176109238
10/1/96,0.6,52.9,NaN,NaN,1358000,96.5,50.5,339000,356729.1667,-0.049699235,5.4,99.7231,705.27,0.212846088
11/1/96,0.47,56.9,NaN,NaN,1412000,99.2,53,337000,353395.8333,-0.046395095,5.3,99.8055,757.02,0.250507954
12/1/96,0.55,61.7,4.2,4.4,1411000,96.9,55.2,353500,352604.1667,0.00254062,5.2,99.894,740.74,0.202636663
1/1/97,0.59,57,NaN,NaN,1382000,97.4,53.8,339000,349687.5,-0.030563003,5.2,99.9977,786.16,0.236061759
2/1/97,0.47,57.6,NaN,NaN,1445000,99.7,53.1,320750,344979.1667,-0.07023371,5.1,100.1248,790.82,0.234826601
3/1/97,0.47,58.6,2.6,4.3,1436000,100,53.8,319000,338979.1667,-0.058939217,4.9,100.2617,757.12,0.172920217
4/1/97,0.43,56.6,NaN,NaN,1421000,101.4,53.7,327000,336291.6667,-0.027629786,5,100.4037,801.34,0.224972102
5/1/97,0.45,62.3,NaN,NaN,1414000,103.2,56.1,319250,334187.5,-0.044697961,4.9,100.5454,848.28,0.267754663
6/1/97,0.43,59.4,6.8,4.3,1402000,104.5,54.9,325500,332750,-0.021788129,4.8,100.6812,885.14,0.319863412
7/1/97,0.28,61.3,NaN,NaN,1440000,107.1,57.7,320250,331354.1667,-0.033511474,4.9,100.8003,954.31,0.491225877
8/1/97,0.37,60.3,NaN,NaN,1449000,104.4,56.3,332750,331312.5,0.004338804,4.7,100.8861,899.47,0.379576374
9/1/97,0.32,55.4,5.1,4.7,1494000,106,53.9,315250,329020.8333,-0.041853986,4.6,100.9437,947.28,0.37820261
10/1/97,0.21,60.9,NaN,NaN,1499000,105.6,56.4,310000,326604.1667,-0.050838808,4.7,100.9741,914.62,0.296836672
11/1/97,0.1,57.4,NaN,NaN,1469000,107.2,55.7,315000,324770.8333,-0.030085317,4.6,100.9718,955.4,0.262053843
12/1/97,0.09,57.2,3.5,4.5,1456000,102.1,54.5,313250,321416.6667,-0.025408348,4.6,100.9355,970.43,0.31008181
1/1/98,0.21,57.1,NaN,NaN,1555000,106.6,53.8,323500,320125,0.010542757,4.7,100.883,980.28,0.246921746
2/1/98,0.07,54.6,NaN,NaN,1647000,110.4,52.9,319000,319979.1667,-0.003060095,4.3,100.8144,1049.34,0.326901191
3/1/98,0.07,54.9,4.1,4.9,1605000,106.5,52.9,315000,319645.8333,-0.014534315,4.4,100.7118,1101.75,0.45518544
4/1/98,0.09,55.3,NaN,NaN,1547000,108.7,52.2,311000,318312.5,-0.022972708,4.5,100.5724,1111.77,0.387388624
5/1/98,0.03,51.5,NaN,NaN,1554000,106.5,50.9,313000,317791.6667,-0.015078012,4.5,100.3981,1090.82,0.285919743
6/1/98,-0.05,50.2,3.8,4.1,1551000,105.6,48.9,338000,318833.3333,0.060115003,4.5,100.2004,1133.84,0.280972502
7/1/98,0.01,51.8,NaN,NaN,1610000,105.2,49.2,333000,319895.8333,0.040963855,4.6,100.01,1120.67,0.174324905
8/1/98,0.14,50.9,NaN,NaN,1654000,104.4,49.3,309000,317916.6667,-0.028047182,4.5,99.851,957.53,0.064549123
9/1/98,0.14,49.4,5.1,4.1,1577000,100.9,48.7,304000,316979.1667,-0.040946434,4.4,99.7555,1017.05,0.073652985
10/1/98,0.52,48,NaN,NaN,1719000,97.4,48.7,312750,317208.3333,-0.014054906,4.4,99.7579,1098.67,0.201231112
11/1/98,0.2,48.3,NaN,NaN,1672000,102.7,48.2,316000,317291.6667,-0.004070913,4.3,99.8611,1163.63,0.217950597
12/1/98,0.11,49.7,6.6,4.9,1742000,100.5,46.8,316000,317520.8333,-0.004789712,4.4,100.0286,1229.23,0.266685902
1/1/99,0.08,52.4,NaN,NaN,1732000,103.9,50.6,325000,317645.8333,0.023152095,4.2,100.2349,1279.64,0.305382136
2/1/99,0.16,55,NaN,NaN,1720000,108.1,51.7,301500,316187.5,-0.046451868,4.3,100.4449,1238.33,0.180103684
3/1/99,0.26,55.9,3.8,4.8,1665000,105.7,52.4,302750,315166.6667,-0.039397144,4.2,100.634,1286.42,0.167615158
4/1/99,0.28,54,NaN,NaN,1600000,104.6,52.3,308500,314958.3333,-0.020505358,4.3,100.7997,1335.18,0.200949837
5/1/99,0.22,57.8,NaN,NaN,1640000,106.8,54.3,303000,314125,-0.035415838,4.3,100.9418,1301.84,0.193450798
6/1/99,0.28,59.4,3.4,4.7,1702000,107.3,55.8,294000,310458.3333,-0.053013018,4.2,101.05,1372.66,0.210629366
7/1/99,0.29,54.6,NaN,NaN,1682000,106,53.6,300750,307770.8333,-0.022811887,4.2,101.1277,1328.72,0.185647871
8/1/99,0.25,57.5,NaN,NaN,1671000,104.5,54.8,290750,306250,-0.050612245,4.1,101.1841,1320.41,0.378975071
9/1/99,0.27,63.5,5.4,4.8,1551000,107.2,57,289500,305041.6667,-0.050949324,4.1,101.2334,1282.71,0.26120643
10/1/99,0.23,61.3,NaN,NaN,1649000,103.2,57.2,285750,302791.6667,-0.056281822,4,101.2838,1362.93,0.240527183
11/1/99,0.17,63.1,NaN,NaN,1672000,107.2,58.1,281750,299937.5,-0.060637633,4,101.3359,1388.95,0.193635434
12/1/99,0.21,60.3,6.7,4.8,1683000,105.4,57.8,278500,296812.5,-0.061697199,4.1,101.3718,1469.25,0.195260448
1/1/00,0.07,60.4,NaN,NaN,1727000,111.4,56.7,289000,293812.5,-0.016379494,4,101.3651,1394.46,0.089728361
2/1/00,-0.11,58.7,NaN,NaN,1692000,111.3,55.8,293750,293166.6667,0.001989767,3.8,101.2998,1359.78,0.098075634
3/1/00,-0.47,56.2,1.5,4.2,1651000,107.1,54.9,274750,290833.3333,-0.05530086,4,101.2039,1498.58,0.164922809
4/1/00,-0.45,55.4,NaN,NaN,1597000,109.2,54.7,273000,287875,-0.051671733,4,101.0857,1456.04,0.09051963
5/1/00,-0.4,51.5,NaN,NaN,1543000,110.7,53.2,282250,286145.8333,-0.013614853,4,100.9399,1420.65,0.091263135
6/1/00,-0.35,50,7.5,5.2,1572000,106.4,51.4,291000,285895.8333,0.017853239,4.1,100.7756,1454.6,0.059694316
7/1/00,-0.26,52,NaN,NaN,1542000,108.3,52.5,298500,285708.3333,0.044771766,3.9,100.5932,1430.84,0.076855921
8/1/00,-0.45,50,NaN,NaN,1552000,107.3,49.9,312750,287541.6667,0.087668454,3.9,100.3784,1517.59,0.149332404
9/1/00,-0.18,48.9,0.4,4,1570000,106.8,49.7,300000,288416.6667,0.040161803,3.9,100.1283,1436.48,0.119879006
10/1/00,-0.17,48.4,NaN,NaN,1577000,105.8,48.7,301000,289687.5,0.039050701,3.9,99.8264,1429.39,0.048762592
11/1/00,-0.13,49.1,NaN,NaN,1614000,107.6,48.5,334250,294062.5,0.136663124,4.2,99.4829,1314.95,-0.053277656
12/1/00,0.01,42.1,2.4,2.9,1543000,98.4,43.9,348000,299854.1667,0.160564163,4.2,99.113,1320.5,-0.10124213
1/1/01,0.57,38.4,NaN,NaN,1699000,94.7,42.3,340000,304104.1667,0.118037953,4.3,98.7757,1366.01,-0.020402163
2/1/01,0.51,39.9,NaN,NaN,1656000,90.6,42.1,371250,310562.5,0.195411552,4.4,98.5171,1239.94,-0.088131904
3/1/01,0.75,41.5,-1.3,2.2,1659000,91.5,43.1,388000,320000,0.2125,4.3,98.3498,1160.34,-0.225707003
4/1/01,1.05,45.5,NaN,NaN,1666000,88.4,42.7,396750,330312.5,0.201135289,4.5,98.2654,1249.48,-0.141864234
5/1/01,1.21,44.9,NaN,NaN,1665000,92,41.3,394500,339666.6667,0.161432777,4.6,98.239,1255.84,-0.116010277
6/1/01,1.17,47.8,2.5,1,1626000,92.6,43.2,395000,348333.3333,0.133971292,4.9,98.2159,1226.99,-0.156476007
7/1/01,1.28,49.2,NaN,NaN,1598000,92.4,43.5,398000,356625,0.116018226,5,98.1716,1211.22,-0.153490257
8/1/01,1.21,54.3,NaN,NaN,1615000,91.5,46.3,398000,363729.1667,0.094220746,5.3,98.109,1133.58,-0.253039358
9/1/01,1.74,51.3,-1.6,0.5,1565000,81.8,46.2,443250,375666.6667,0.179902396,5.5,98.0685,1040.9,-0.275381488
10/1/01,1.86,38.9,NaN,NaN,1566000,82.7,40.8,480750,390645.8333,0.230654365,5.7,98.1196,1059.78,-0.258578834
11/1/01,1.94,49.1,NaN,NaN,1651000,83.9,44.1,447500,400083.3333,0.118516976,5.7,98.2881,1139.45,-0.133465151
12/1/01,2,51.4,1.1,0.2,1680000,88.8,45.3,404750,404812.5,-0.000154392,5.7,98.5531,1148.16,-0.13051117
1/1/02,1.91,55.2,NaN,NaN,1665000,93,47.5,408500,410520.8333,-0.004922608,5.7,98.8601,1130.18,-0.172641489
2/1/02,1.82,60.7,NaN,NaN,1787000,90.7,50.7,399000,412833.3333,-0.033508276,5.9,99.1514,1106.74,-0.107424553
3/1/02,1.7,63.8,3.4,1.3,1691000,95.7,52.4,421250,415604.1667,0.013584641,5.8,99.3707,1147.39,-0.011160522
4/1/02,1.87,59.9,NaN,NaN,1669000,93,52.4,429250,418312.5,0.02614672,5.8,99.4623,1076.87,-0.138145469
5/1/02,1.86,61.8,NaN,NaN,1716000,96.9,53.1,409000,419520.8333,-0.025078214,5.8,99.4062,1067.18,-0.150226143
6/1/02,1.96,61.2,2.5,1.3,1758000,92.4,53.6,389500,419062.5,-0.07054437,5.7,99.2112,989.44,-0.19360386
7/1/02,2.28,51.9,NaN,NaN,1738000,88.1,50.2,386000,418062.5,-0.076693078,5.7,98.9299,911.62,-0.247353908
8/1/02,2,50.6,NaN,NaN,1695000,87.6,50.3,395000,417812.5,-0.05459985,5.7,98.6292,916.08,-0.191870005
9/1/02,1.91,52.9,1.6,2.2,1803000,86.1,50.5,409500,415000,-0.013253012,5.9,98.3501,815.26,-0.216773946
10/1/02,2.25,52.1,NaN,NaN,1799000,80.6,49,407500,408895.8333,-0.003413665,6,98.1302,885.76,-0.164203891
11/1/02,2.14,49.9,NaN,NaN,1771000,84.2,48.5,389000,404020.8333,-0.037178363,5.8,97.9846,936.31,-0.178278994
12/1/02,2.22,58.7,0.5,2,1896000,86.7,51.6,414250,404812.5,0.023313262,5.9,97.8866,879.82,-0.233713071
1/1/03,2.28,58.2,NaN,NaN,1808000,82.4,51.3,395000,403687.5,-0.021520359,5.9,97.8147,855.7,-0.242863969
2/1/03,2.18,51.9,NaN,NaN,1854000,79.9,48.8,411000,404687.5,0.015598456,6,97.7796,841.15,-0.239975062
3/1/03,2.32,47.2,2.1,1.7,1757000,77.6,46.3,425250,405020.8333,0.04994599,6.1,97.8133,848.12,-0.260826746
4/1/03,2.38,47.2,NaN,NaN,1803000,86,46.1,436250,405604.1667,0.075556012,6.3,97.9432,916.92,-0.148532321
5/1/03,2.04,53.4,NaN,NaN,1835000,92.1,49,423000,406770.8333,0.039897567,6.2,98.1647,963.59,-0.097068911
6/1/03,2.22,53.6,3.6,2,1875000,89.7,49,421750,409458.3333,0.030019334,6.1,98.4512,974.5,-0.01509945
7/1/03,2.69,56.8,NaN,NaN,1885000,90.9,51,411500,411583.3333,-0.00020247,6.1,98.7885,990.31,0.086318861
8/1/03,2.5,61.1,NaN,NaN,1966000,89.3,53.2,400000,412000,-0.029126214,6,99.1656,1008.03,0.10037333
9/1/03,2.46,60.8,6.8,3.2,1961000,87.7,52.4,395500,410833.3333,-0.037322515,5.8,99.5703,995.95,0.221634816
10/1/03,2.48,64.4,NaN,NaN,2012000,89.6,55.2,382000,408708.3333,-0.06534815,5.7,99.9807,1050.71,0.186224259
11/1/03,2.28,69.1,NaN,NaN,1918000,93.7,58.4,363000,406541.6667,-0.107102593,5.7,100.3636,1058.2,0.130181243
12/1/03,2.43,71.3,4.7,4.3,1987000,92.6,60.1,358250,401875,-0.108553655,5.6,100.6853,1111.92,0.26380396
1/1/04,2.32,70.6,NaN,NaN,1952000,103.8,60.8,361250,399062.5,-0.094753328,5.8,100.9283,1131.13,0.321876826
2/1/04,2.33,66.5,NaN,NaN,1966000,94.4,59.9,360750,394875,-0.086419753,5.6,101.0741,1144.94,0.361160316
3/1/04,2.26,64.6,2.3,4.3,2066000,95.8,60.6,342000,387937.5,-0.118414693,5.6,101.1391,1126.21,0.327889921
4/1/04,2.22,67.1,NaN,NaN,2070000,94.2,60.6,348250,380604.1667,-0.08500739,5.6,101.1377,1107.24,0.207564455
5/1/04,2.12,64.5,NaN,NaN,2150000,90.2,61.4,339250,373625,-0.092004015,5.5,101.0914,1120.64,0.162984257
6/1/04,1.92,60.9,3.1,4.2,2020000,95.6,60.5,349000,367562.5,-0.050501615,5.4,101.0101,1140.75,0.170600308
7/1/04,1.82,62.8,NaN,NaN,2112000,96.7,59.9,347250,362208.3333,-0.041297596,5.4,100.9005,1101.72,0.112500126
8/1/04,1.72,62.1,NaN,NaN,2056000,95.9,58.5,340750,357270.8333,-0.046241763,5.5,100.7794,1104.24,0.095443588
9/1/04,1.51,57.7,3.8,3.5,2041000,94.2,57.4,337250,352416.6667,-0.043036179,5.4,100.6737,1114.58,0.119112405
10/1/04,1.49,58.4,NaN,NaN,2097000,91.7,56.3,333750,348395.8333,-0.042037912,5.4,100.6021,1130.2,0.075653606
11/1/04,1.34,60.1,NaN,NaN,2079000,92.8,56.2,328750,345541.6667,-0.048595201,5.3,100.5729,1173.82,0.109261009
12/1/04,1.16,66.3,4.1,3.4,2082000,97.1,57.2,325250,342791.6667,-0.051172967,5.4,100.5593,1211.92,0.089934528
1/1/05,0.85,57.9,NaN,NaN,2139000,95.5,56.8,340250,341041.6667,-0.002321319,5.2,100.5252,1181.27,0.044327354
2/1/05,0.77,55.9,NaN,NaN,2114000,94.1,55.5,311750,336958.3333,-0.074811426,5.2,100.4638,1210.41,0.057182036
3/1/05,0.7,57.7,4.5,3.9,2062000,92.6,55.2,332000,336125,-0.01227222,5.1,100.3861,1180.59,0.048285844
4/1/05,0.55,53.4,NaN,NaN,2150000,87.7,52.2,320250,333791.6667,-0.040569217,5,100.3287,1156.85,0.044805101
5/1/05,0.4,51.8,NaN,NaN,2085000,86.9,50.8,327000,332770.8333,-0.017341764,5,100.3171,1191.5,0.063231725
6/1/05,0.28,55.7,2,3.6,2178000,96,52.4,325750,330833.3333,-0.015365239,4.9,100.3494,1191.33,0.04433925
7/1/05,0.26,57.2,NaN,NaN,2203000,96.5,52.8,323750,328875,-0.015583428,5,100.401,1234.18,0.120230186
8/1/05,0.18,57.8,NaN,NaN,2219000,89.1,52.4,315750,326791.6667,-0.033788091,5,100.4752,1220.33,0.105131131
9/1/05,0.16,60.9,3.2,3.5,2263000,76.9,56.8,382750,330583.3333,0.157801865,5,100.5848,1228.81,0.102487035
10/1/05,0.17,61.4,NaN,NaN,2170000,74.2,57.2,344250,331458.3333,0.03859208,4.9,100.7397,1207.01,0.067961423
11/1/05,0.07,61.2,NaN,NaN,2218000,81.6,56.7,317250,330500,-0.040090772,4.7,100.9244,1249.48,0.06445622
12/1/05,-0.02,60.1,2.2,3,2120000,91.5,55.1,315250,329666.6667,-0.043731041,4.8,101.0993,1248.29,0.030010232
1/1/06,-0.01,58.9,NaN,NaN,2212000,91.2,55,295750,325958.3333,-0.092675444,4.7,101.2339,1280.08,0.083647261
2/1/06,-0.14,61,NaN,NaN,2141000,86.7,55.8,290750,324208.3333,-0.103200103,4.7,101.3187,1280.66,0.058038185
3/1/06,0.04,57,5.5,3.2,2118000,88.9,54.3,301750,321687.5,-0.061977851,4.6,101.3479,1294.82,0.096756706
4/1/06,0.2,55.7,NaN,NaN,1998000,87.4,55.2,306750,320562.5,-0.043088321,4.6,101.3182,1310.61,0.132912651
5/1/06,0.08,54.9,NaN,NaN,1905000,79.1,53.7,332750,321041.6667,0.036469825,4.7,101.2544,1270.09,0.065958875
6/1/06,-0.01,55,1,3,1867000,84.9,52,305500,319354.1667,-0.043381825,4.7,101.1955,1270.2,0.066203319
7/1/06,0.02,55.8,NaN,NaN,1763000,84.7,53,319500,319000,0.001567398,4.5,101.1611,1276.66,0.034419615
8/1/06,-0.05,55.3,NaN,NaN,1722000,82,53.7,314250,318875,-0.014504116,4.4,101.1726,1303.82,0.06841592
9/1/06,-0.07,54.8,0.6,2.3,1655000,85.4,52.2,316500,313354.1667,0.010039226,4.5,101.2363,1335.85,0.087108666
10/1/06,-0.1,54.1,NaN,NaN,1570000,93.6,51.4,315500,310958.3333,0.014605387,4.4,101.3318,1377.94,0.141614403
11/1/06,-0.16,50.8,NaN,NaN,1535000,92.1,50.3,326250,311708.3333,0.046651517,4.6,101.4461,1400.63,0.120970324
12/1/06,-0.11,51.4,3.5,2.6,1638000,91.7,51.4,323250,312375,0.034813926,4.5,101.5692,1418.3,0.136194314
1/1/07,-0.11,55.5,NaN,NaN,1626000,96.9,50.4,317250,314166.6667,0.009814324,4.4,101.6892,1438.24,0.123554778
2/1/07,-0.09,59.1,NaN,NaN,1598000,91.3,54.1,322750,316833.3333,0.018674382,4.5,101.8069,1406.82,0.098511705
3/1/07,0.07,56,1.2,1.6,1596000,88.4,52.8,306750,317250,-0.033096927,4.4,101.9288,1420.86,0.097341715
4/1/07,0.03,57.1,NaN,NaN,1470000,87.1,52.7,320250,318375,0.005889282,4.6,102.0444,1482.37,0.131053479
5/1/07,-0.02,57,NaN,NaN,1493000,88.3,53.1,304250,316000,-0.037183544,4.7,102.1324,1530.62,0.205127196
6/1/07,0.16,58.4,2.5,1.9,1407000,85.3,54,315750,316854.1667,-0.003484779,4.6,102.1784,1503.35,0.183553771
7/1/07,0.22,57.5,NaN,NaN,1361000,90.4,51.8,313250,316333.3333,-0.009747102,4.7,102.1661,1455.27,0.139904125
8/1/07,0.39,56.1,NaN,NaN,1321000,83.4,52.2,320000,316812.5,0.010061156,4.7,102.0923,1473.99,0.130516482
9/1/07,0.62,59.4,2.3,2.4,1261000,83.4,53.8,313250,316541.6667,-0.010398842,4.7,101.9849,1526.75,0.142905266
10/1/07,0.54,55.8,NaN,NaN,1192000,80.9,52.8,328250,317604.1667,0.033519187,5,101.8645,1549.38,0.124417609
11/1/07,0.93,53.1,NaN,NaN,1224000,76.1,51.5,336000,318416.6667,0.055221146,5,101.7364,1481.14,0.057481276
12/1/07,0.99,49.9,2.5,2.1,1149000,75.5,50.1,349250,320583.3333,0.089420328,4.9,101.6128,1468.36,0.035295777
1/1/08,1.5,49.5,NaN,NaN,1094000,78.4,50.9,338750,322375,0.050794882,5.1,101.4839,1378.55,-0.041502114
2/1/08,1.88,50.5,NaN,NaN,1014000,70.8,48.8,346750,324375,0.068978805,5,101.338,1330.63,-0.054157604
3/1/08,1.83,49.2,-1.7,1.4,967000,69.5,49.7,368000,329479.1667,0.116914322,5.4,101.177,1322.7,-0.06908492
4/1/08,1.48,46.2,NaN,NaN,1008000,62.6,48.5,359500,332750,0.080390684,5.6,100.9759,1385.59,-0.065287344
5/1/08,1.4,47.9,NaN,NaN,995000,59.8,48.9,366000,337895.8333,0.083174055,5.8,100.7007,1400.38,-0.085089702
6/1/08,1.36,49.5,2.4,1.4,1180000,56.4,49.9,383250,343520.8333,0.115652859,6.1,100.312,1280,-0.148568198
7/1/08,1.47,48.4,NaN,NaN,921000,61.2,50.8,398000,350583.3333,0.135250773,6.1,99.7756,1267.38,-0.129110062
8/1/08,1.47,48.6,NaN,NaN,858000,63,50.1,429250,359687.5,0.193397046,6.5,99.0771,1282.83,-0.129688804
9/1/08,1.85,45.1,-2.1,0.3,797000,70.3,47.2,464000,372250,0.246474144,6.8,98.2315,1166.36,-0.236050434
10/1/08,2.45,32,NaN,NaN,736000,57.6,38.2,475250,384500,0.236020806,7.3,97.302,968.75,-0.3747499
11/1/08,1.93,34.5,NaN,NaN,626000,55.3,39,527250,400437.5,0.316684876,7.8,96.4119,896.24,-0.394898524
12/1/08,1.49,25.9,-8.5,-2.5,554000,60.1,34.5,564000,418333.3333,0.348207171,8.3,95.6625,903.25,-0.384857937
1/1/09,1.93,32.5,NaN,NaN,545000,61.2,36.4,589250,439208.3333,0.341618442,8.7,95.1181,825.88,-0.40090675
2/1/09,2.02,32.7,NaN,NaN,558000,56.3,36.6,644000,463979.1667,0.387993355,9,94.8162,735.09,-0.447562433
3/1/09,1.9,41.3,-4.5,-3.2,513000,57.3,37.2,659250,488250,0.350230415,9.4,94.7741,797.87,-0.396786875
4/1/09,2.25,46,NaN,NaN,521000,65.1,39.9,627750,510604.1667,0.229425925,9.5,94.9814,872.81,-0.370080615
5/1/09,2.55,51,NaN,NaN,556000,68.7,44.1,614500,531312.5,0.156569815,9.5,95.3695,919.14,-0.343649581
6/1/09,2.42,49,-0.7,-4,601000,70.8,46.3,598250,549229.1667,0.089253879,9.6,95.8673,919.32,-0.28178125
7/1/09,2.39,56.6,NaN,NaN,595000,66,49.7,566500,563270.8333,0.005732885,9.8,96.4119,987.48,-0.220849311
8/1/09,2.43,64.1,NaN,NaN,616000,65.7,53.4,560250,574187.5,-0.02427343,10,96.9626,1020.62,-0.204399648
9/1/09,2.36,64.7,1.4,-3.1,609000,73.5,54.9,547500,581145.8333,-0.05789568,9.9,97.4896,1057.08,-0.093693199
10/1/09,2.51,57.7,NaN,NaN,583000,70.6,57.6,523500,585166.6667,-0.105383082,9.9,97.9776,1036.19,0.069615484
11/1/09,2.54,64.2,NaN,NaN,623000,67.4,55.4,494000,582395.8333,-0.151779646,9.8,98.4261,1095.63,0.222473891
12/1/09,2.71,63.8,4.4,0.1,664000,72.5,55.8,485500,575854.1667,-0.156904598,9.8,98.8382,1115.1,0.234541932
1/1/10,2.81,59.9,NaN,NaN,636000,74.4,56.3,485750,567229.1667,-0.143644177,9.9,99.1937,1073.87,0.300273648
2/1/10,2.8,57.7,NaN,NaN,650000,73.6,55.5,485750,554041.6667,-0.123260886,9.9,99.4574,1104.49,0.502523501
3/1/10,2.82,60.1,1.9,1.8,687000,73.6,58.8,470250,538291.6667,-0.126402972,9.6,99.6332,1169.43,0.465689899
4/1/10,2.72,64,NaN,NaN,637000,72.2,58.1,469000,525062.5,-0.106773003,9.4,99.7043,1186.68,0.35960862
5/1/10,2.55,61.3,NaN,NaN,575000,73.6,57.4,461500,512312.5,-0.099182628,9.4,99.6812,1089.41,0.185249255
6/1/10,2.36,58.6,3.9,2.9,587000,76,56.5,460500,500833.3333,-0.080532446,9.5,99.6037,1030.71,0.121165644
7/1/10,2.39,54.7,NaN,NaN,579000,67.8,56.1,460500,492000,-0.06402439,9.5,99.5369,1101.6,0.115566898
8/1/10,2,54,NaN,NaN,580000,68.9,56.4,475000,484895.8333,-0.020408163,9.4,99.5312,1049.33,0.02812996
9/1/10,2.11,51.9,3.1,3.3,563000,68.2,55.3,453500,477062.5,-0.049390803,9.8,99.5987,1141.2,0.079577705
10/1/10,2.29,57.8,NaN,NaN,558000,67.7,56.9,447000,470687.5,-0.050325322,9.3,99.7272,1183.26,0.141933429
11/1/10,2.36,58.3,NaN,NaN,560000,71.6,57.3,426250,465041.6667,-0.083415465,9.1,99.9074,1180.55,0.077507918
12/1/10,2.69,59.6,2.1,2.8,632000,74.5,56.6,420250,459604.1667,-0.085626218,9,100.0999,1257.64,0.127827101
1/1/11,2.84,64.5,NaN,NaN,576000,74.2,59.1,430250,454979.1667,-0.054352306,9,100.2637,1286.12,0.197649622
2/1/11,2.73,64.2,NaN,NaN,542000,77.5,59.2,401500,447958.3333,-0.103711283,9.1,100.3635,1327.22,0.201658684
3/1/11,2.67,61.3,-0.9,2,583000,67.5,58.4,406000,442604.1667,-0.082701812,9,100.3631,1325.83,0.133740369
4/1/11,2.71,61.1,NaN,NaN,581000,69.8,57.9,427000,439104.1667,-0.027565593,9.1,100.2597,1363.61,0.149096639
5/1/11,2.6,54.6,NaN,NaN,618000,74.3,54.8,422500,435854.1667,-0.030639071,9,100.0649,1345.2,0.234796817
6/1/11,2.73,54.6,2.7,1.7,636000,71.5,55.8,418250,432333.3333,-0.032575173,9,99.801,1320.64,0.281291537
7/1/11,2.46,56.9,NaN,NaN,621000,63.7,52.9,411250,428229.1667,-0.03964972,9,99.5172,1292.28,0.173093682
8/1/11,2.03,52.9,NaN,NaN,647000,55.8,52.6,409500,422770.8333,-0.031390135,8.8,99.2766,1218.89,0.161588823
9/1/11,1.67,51.8,-0.1,0.9,610000,59.5,53.7,417750,419791.6667,-0.004863524,8.6,99.1483,1131.42,-0.008569926
10/1/11,1.92,52,NaN,NaN,671000,60.8,51.4,401750,416020.8333,-0.03430317,8.5,99.1638,1253.3,0.059192401
11/1/11,1.83,54.9,NaN,NaN,706000,63.7,51.8,389250,412937.5,-0.057363402,8.3,99.3038,1246.96,0.056253441
12/1/11,1.64,55.4,4.6,1.5,697000,69.9,53,374500,409125,-0.084631836,8.3,99.5171,1257.6,-3.18056E-05
1/1/12,1.61,60,NaN,NaN,712000,75,54.2,377750,404750,-0.066707844,8.2,99.7309,1312.41,0.020441327
2/1/12,1.68,58.3,NaN,NaN,738000,75.3,53.3,363250,401562.5,-0.09540856,8.2,99.8806,1365.68,0.028977864
3/1/12,1.9,57,3.4,2.6,806000,76.2,53.5,364500,398104.1667,-0.084410487,8.2,99.9393,1408.47,0.062330766
4/1/12,1.68,59.2,NaN,NaN,732000,76.4,55.2,381750,394333.3333,-0.031910397,8.2,99.9105,1397.91,0.02515382
5/1/12,1.32,58.2,NaN,NaN,796000,79.3,53.2,373500,390250,-0.042921204,8.2,99.8176,1310.33,-0.025921796
6/1/12,1.34,47.3,1.8,2.4,794000,73.2,49.5,379750,387041.6667,-0.018839488,8.1,99.7013,1362.16,0.031439302
7/1/12,1.28,47.8,NaN,NaN,849000,72.3,49.6,372500,383812.5,-0.029474027,7.8,99.6124,1379.32,0.067353824
8/1/12,1.35,45.1,NaN,NaN,840000,74.3,49,373250,380791.6667,-0.01980523,7.8,99.5778,1406.58,0.153984363
9/1/12,1.42,52.2,0.6,2.6,930000,78.3,50.8,384500,378020.8333,0.017139708,7.7,99.6108,1440.67,0.273329091
10/1/12,1.42,51.8,NaN,NaN,887000,82.6,50.5,368500,375250,-0.017988008,7.9,99.6851,1412.16,0.126753371
11/1/12,1.37,47.9,NaN,NaN,917000,82.7,48,401250,376250,0.066445183,8,99.7828,1416.18,0.135706037
12/1/12,1.53,48.3,0.5,1.6,941000,72.9,50.1,355000,374625,-0.052385719,7.7,99.9062,1426.19,0.134056934
1/1/13,1.75,54.9,NaN,NaN,940000,73.8,53.3,353000,372562.5,-0.052507968,7.5,100.0493,1498.11,0.141495417
2/1/13,1.64,58.9,NaN,NaN,980000,77.6,54.2,353000,371708.3333,-0.05033068,7.6,100.1948,1514.68,0.109103157
3/1/13,1.62,52.3,4,1.7,936000,78.6,51.9,354750,370895.8333,-0.043531989,7.5,100.3165,1569.19,0.114109637
4/1/13,1.48,53,NaN,NaN,1012000,76.4,51,347250,368020.8333,-0.056439287,7.5,100.43,1597.57,0.142827507
5/1/13,1.86,52.1,NaN,NaN,1003000,84.5,50.8,347750,365875,-0.049538777,7.3,100.5424,1630.74,0.244526188
6/1/13,2.16,52,1.1,1.5,942000,84.1,51.1,344250,362916.6667,-0.051435132,7.2,100.6317,1606.28,0.179215364
7/1/13,2.29,56.4,NaN,NaN,997000,85.1,53.8,346000,360708.3333,-0.04077625,7.2,100.6867,1685.73,0.222145695
8/1/13,2.39,58,NaN,NaN,964000,82.1,54,332000,357270.8333,-0.070732987,7.2,100.7202,1632.97,0.160950675
9/1/13,2.31,60.2,3.5,2.2,1004000,77.5,54.6,314000,351395.8333,-0.106420822,6.9,100.7351,1681.55,0.167199983
10/1/13,2.26,57.4,NaN,NaN,1044000,73.2,54.6,358500,350562.5,0.022642182,6.7,100.7404,1756.54,0.24386755
11/1/13,2.47,59.5,NaN,NaN,1029000,75.1,55.5,324750,344187.5,-0.056473579,6.6,100.7449,1805.81,0.275127456
12/1/13,2.66,63.9,3.5,3,1005000,82.5,56.5,346000,343437.5,0.007461328,6.7,100.7377,1848.36,0.296012453
1/1/14,2.33,54.6,NaN,NaN,976000,81.2,52.5,326750,341250,-0.042490842,6.7,100.7257,1782.59,0.189892598
2/1/14,2.33,58.6,NaN,NaN,1039000,81.6,55,335250,339770.8333,-0.013305537,6.2,100.7429,1859.45,0.227619035
3/1/14,2.29,58.8,-1.4,1.7,1067000,80,55.9,321500,337000,-0.045994065,6.3,100.7899,1872.34,0.193188843
4/1/14,2.25,57.3,NaN,NaN,1090000,84.1,56.6,322750,334958.3333,-0.036447319,6.1,100.8485,1883.95,0.179259751
5/1/14,2.11,57.9,NaN,NaN,1018000,81.9,55.7,311000,331895.8333,-0.062959011,6.2,100.9005,1923.57,0.179568785
6/1/14,2.06,56.8,5.3,2.7,1010000,82.5,55,313500,329333.3333,-0.048076923,6.1,100.9389,1960.23,0.220353861
7/1/14,2.05,57.4,NaN,NaN,1076000,81.8,55.1,301750,325645.8333,-0.073379822,5.9,100.9583,1930.67,0.145302035
8/1/14,1.87,60.1,NaN,NaN,1047000,82.5,56.3,303750,323291.6667,-0.060445934,5.7,100.9602,2003.37,0.226825967
9/1/14,1.94,58.9,5,3.1,1077000,84.6,55.7,295000,321708.3333,-0.083020334,5.8,100.9466,1972.29,0.172900003
10/1/14,1.85,59.8,NaN,NaN,1094000,86.9,56.2,288750,315895.8333,-0.085932863,5.6,100.9145,2018.05,0.148877908
11/1/14,1.71,61.6,NaN,NaN,1059000,88.8,56.3,294500,313375,-0.060231352,5.7,100.8646,2067.56,0.144948804
12/1/14,1.5,58.2,2,2.7,1072000,93.6,55.7,284500,308250,-0.077047851,5.5,100.792,2058.9,0.113906382
1/1/15,1.21,54.7,NaN,NaN,1049000,98.1,54,286000,304854.1667,-0.061846511,5.4,100.6982,1994.99,0.119152469
2/1/15,1.37,54.3,NaN,NaN,1127000,95.4,53.1,301250,302020.8333,-0.002552252,5.4,100.5903,2104.5,0.131786281
3/1/15,1.38,53.1,3.6,4,1072000,93,52.3,284000,298895.8333,-0.049836203,5.6,100.4785,2067.89,0.104441501
4/1/15,1.47,53.7,NaN,NaN,1166000,95.9,52.1,286000,295833.3333,-0.033239437,5.3,100.3677,2085.51,0.106987977
5/1/15,1.51,52.8,NaN,NaN,1272000,90.7,52.7,275750,292895.8333,-0.058539014,5.2,100.2512,2107.39,0.095561898
6/1/15,1.71,53.8,2.5,3.3,1379000,96.1,52.6,273750,289583.3333,-0.054676259,5.1,100.1245,2063.11,0.052483637
7/1/15,1.53,52.6,NaN,NaN,1140000,93.1,51.9,277750,287583.3333,-0.034192988,5,99.966,2103.84,0.089694251
8/1/15,1.47,51.2,NaN,NaN,1165000,91.9,50,276500,285312.5,-0.030887185,5,99.7879,1972.18,-0.015568767
9/1/15,1.42,50.2,1.6,2.5,1144000,87.2,50,269500,283187.5,-0.048333701,5.1,99.6159,1920.03,-0.026497118
10/1/15,1.41,51.7,NaN,NaN,1160000,90,49,267000,281375,-0.051088405,5,99.4737,2079.36,0.030380813
11/1/15,1.27,50.6,NaN,NaN,1244000,91.3,49.1,268500,279208.3333,-0.038352485,4.8,99.3536,2080.41,0.006215055
12/1/15,1.21,49.5,0.7,2.1,1211000,92.6,48.8,271000,278083.3333,-0.025471981,4.9,99.2489,2043.94,-0.007266016
1/1/16,1.18,49.6,NaN,NaN,1171000,92,47.5,281250,277687.5,0.012829169,5,99.1636,1940.24,-0.027443747
2/1/16,0.96,52.4,NaN,NaN,1172000,91.7,49.2,266750,274812.5,-0.029338185,5.1,99.1055,1932.23,-0.081857923
3/1/16,1.05,55.4,2.3,1.8,1118000,91,51.4,263250,273083.3333,-0.036008544,4.8,99.0851,2059.74,-0.003941215
4/1/16,1.06,54.8,NaN,NaN,1160000,89,51,264250,271270.8333,-0.025881269,4.9,99.0844,2065.3,-0.009690675
5/1/16,0.97,55.4,NaN,NaN,1205000,94.7,51.3,274500,271166.6667,0.012292563,4.8,99.0877,2096.96,-0.00494925
6/1/16,0.91,56.9,1.3,1.5,1208000,93.5,52.4,265250,270458.3333,-0.019257433,4.9,99.0893,2098.86,0.017328208
7/1/16,0.79,55.3,NaN,NaN,1198000,90,52.4,260500,269020.8333,-0.031673507,5,99.1075,2173.6,0.033158415
8/1/16,0.78,50.9,NaN,NaN,1201000,89.8,49.7,263500,267937.5,-0.016561698,4.9,99.1554,2170.95,0.100786946
9/1/16,0.83,53.4,2.9,1.8,1303000,91.2,51,251500,266437.5,-0.056063805,4.7,99.2465,2168.27,0.129289647
10/1/16,0.98,54.3,NaN,NaN,1254000,87.2,51.8,258500,265729.1667,-0.027205018,4.7,99.3757,2126.15,0.022502116
11/1/16,1.26,55.4,NaN,NaN,1230000,93.8,53.3,245750,263833.3333,-0.068540745,4.7,99.5259,2198.81,0.056911859
12/1/16,1.25,58.6,2.2,2.2,1248000,98.2,54.2,253250,262354.1667,-0.034701818,4.6,99.6751,2238.83,0.095350157
1/1/17,1.26,60,NaN,NaN,1303000,98.5,55.7,244000,259250,-0.058823529,4.4,99.7937,2278.87,0.174529955
2/1/17,1.14,64.1,NaN,NaN,1234000,96.3,57.7,230250,256208.3333,-0.101317287,4.4,99.8706,2363.64,0.223270522
3/1/17,1.13,62,2,2.1,1272000,96.9,56.8,233750,253750,-0.078817734,4.4,99.906,2362.72,0.147096235
4/1/17,1.01,57.4,NaN,NaN,1251000,97,55.7,230750,250958.3333,-0.080524655,4.3,99.9165,2384.2,0.15440856
5/1/17,0.93,61.6,NaN,NaN,1208000,97.1,56.4,239000,248000,-0.036290323,4.3,99.923,2411.8,0.150141157
6/1/17,0.93,60.3,2.3,2.3,1353000,95,56.1,248000,246562.5,0.005830165,4.4,99.9402,2423.41,0.154631562
7/1/17,0.96,61.6,NaN,NaN,1256000,93.4,56.5,249500,245645.8333,0.015689933,4.3,99.9746,2470.3,0.136501656
8/1/17,0.79,60.9,NaN,NaN,1319000,96.8,58.5,247750,244333.3333,0.013983629,4.2,100.0514,2471.65,0.13851079
9/1/17,0.86,64.2,3.2,2.4,1273000,95.1,59.9,266250,245562.5,0.084245355,4.2,100.1612,2519.36,0.161921716
10/1/17,0.78,64,NaN,NaN,1356000,100.7,58.6,242250,244208.3333,-0.008019109,4.1,100.291,2575.26,0.211231569
11/1/17,0.64,64,NaN,NaN,1299000,98.5,57.9,247750,244375,0.013810742,4,100.4222,2647.58,0.204096761
12/1/17,0.51,65.7,4.6,3,1311000,95.9,59.2,243000,243520.8333,-0.002138763,4.1,100.5485,2673.61,0.194199649
1/1/18,0.58,66.2,NaN,NaN,1317000,95.7,59.4,235250,242791.6667,-0.031062296,4,100.6715,2823.81,0.239127287
2/1/18,0.62,64.1,NaN,NaN,1321000,99.7,60.8,221000,242020.8333,-0.08685547,4,100.782,2713.83,0.14815708
3/1/18,0.47,61.7,3.3,3.3,1385000,101.4,59.2,225250,241312.5,-0.066563067,3.8,100.85,2640.87,0.117724487
4/1/18,0.46,63.2,NaN,NaN,1378000,98.8,58.6,221500,240541.6667,-0.079161614,4,100.87,2648.05,0.110666052
5/1/18,0.43,63.2,NaN,NaN,1338000,98,58.9,221250,239062.5,-0.074509804,3.8,100.8532,2705.27,0.121680902
6/1/18,0.33,63.5,2.1,3.3,1345000,98.2,59.7,222500,236937.5,-0.060933791,3.8,100.8067,2718.37,0.121712793
7/1/18,0.29,59.8,NaN,NaN,1334000,97.9,58,209500,233604.1667,-0.103183805,3.7,100.7328,2816.29,0.140059912
8/1/18,0.24,63.6,NaN,NaN,1273000,96.2,60.4,208500,230333.3333,-0.094790159,3.8,100.6339,2901.52,0.173920256
9/1/18,0.24,61.9,2.5,3.1,1314000,100.1,59.5,206250,225333.3333,-0.084689349,3.8,100.4942,2913.98,0.156635018
10/1/18,0.28,59.3,NaN,NaN,1272000,98.6,58.3,213000,222895.8333,-0.044396673,3.9,100.308,2711.74,0.052996591
11/1/18,0.21,60.7,NaN,NaN,1340000,97.5,58.7,225250,221020.8333,0.019134697,4,100.091,2760.17,0.042525627
12/1/18,0.21,52.4,0.6,2.1,1317000,98.3,54.8,222750,219333.3333,0.015577508,3.8,99.8661,2506.85,-0.062372597
1/1/19,0.18,56.7,NaN,NaN,1261000,91.2,55.7,222750,218291.6667,0.020423745,3.8,99.6556,2704.1,-0.042393079
2/1/19,0.21,54.9,NaN,NaN,1287000,93.8,54.2,222500,218416.6667,0.018695155,3.7,99.4776,2784.49,0.026037003
3/1/19,0.14,56.5,2.2,1.9,1305000,98.4,55.3,210750,217208.3333,-0.029733359,3.6,99.3342,2834.4,0.073282668
4/1/19,0.24,53.5,NaN,NaN,1311000,97.2,53.6,209750,216229.1667,-0.029964351,3.6,99.2049,2945.83,0.112452559
5/1/19,0.19,52.5,NaN,NaN,1347000,100,52.2,218500,216000,0.011574074,3.7,99.0876,2752.06,0.017295871
6/1/19,0.25,50.7,3.4,2.2,1315000,98.2,51.3,225750,216270.8333,0.043830074,3.6,98.9856,2941.76,0.082177923
7/1/19,0.13,51.2,NaN,NaN,1352000,98.4,51,208500,216187.5,-0.03555941,3.5,98.9037,2980.38,0.058264596
8/1/19,0,46.3,NaN,NaN,1489000,89.8,48.4,211750,216458.3333,-0.021751684,3.6,98.8511,2926.46,0.008595495
9/1/19,0.05,48.7,4.6,2.7,1474000,93.2,48.3,209500,216729.1667,-0.033355763,3.6,98.8542,2976.74,0.021537553
10/1/19,0.17,48.5,NaN,NaN,1525000,95.5,48.3,212250,216666.6667,-0.020384615,3.6,98.907,3037.56,0.120151637
11/1/19,0.17,47,NaN,NaN,1527000,96.8,48.2,227000,216812.5,0.046987604,3.6,98.9864,3140.98,0.13796614
12/1/19,0.34,47.5,2.6,3.2,1451000,99.3,47.7,236000,217916.6667,0.082982792,3.5,99.0612,3230.78,0.288780741
1/1/20,0.18,51.8,NaN,NaN,1507000,99.8,51.1,214500,217229.1667,-0.012563537,4.4,99.0935,3225.52,0.192825709
2/1/20,0.27,49.5,NaN,NaN,1442000,101,50.3,209750,216166.6667,-0.029683886,14.8,99.0535,2954.22,0.060955507
3/1/20,0.47,43.2,-5.3,1.2,1358000,89.1,49.7,2334500,393145.8333,4.938000106,13.2,97.6483,2584.59,-0.088135055
4/1/20,0.44,27.3,NaN,NaN,1066000,71.8,41.7,4663250,764270.8333,5.101567398,11,92.7561,2912.43,-0.011338061
5/1/20,0.49,31.9,NaN,NaN,1260000,72.3,43.1,2017750,914208.3333,1.207100861,10.2,94.3584,3044.31,0.106193179
6/1/20,0.5,56.7,-28,-7.5,1338000,78.1,52.2,1490250,1019583.333,0.461626481,8.4,96.2058,3100.29,0.053889508
7/1/20,0.44,60.9,NaN,NaN,1546000,72.5,53.7,1383500,1117500,0.23803132,7.8,97.7405,3271.12,0.097551319
8/1/20,0.58,66.2,NaN,NaN,1529000,74.1,55.6,892000,1174187.5,-0.240325757,6.9,98.4377,3500.31,0.196090157
9/1/20,0.56,60.9,34.8,-1.5,1624000,80.4,55.7,851750,1227708.333,-0.306227728,6.7,98.7377,3363,0.129759401
10/1/20,0.74,66.9,NaN,NaN,1613000,81.8,58.8,798000,1276520.833,-0.374863317,6.7,99.104,3269.96,0.076508777
11/1/20,0.68,65.7,NaN,NaN,1714000,76.9,57.7,751250,1320208.333,-0.430961023,6.4,99.5014,3621.63,0.153025489
12/1/20,0.8,67.5,4.2,-1.1,1744000,80.7,60.5,836750,1370270.833,-0.389354294,6.2,99.9177,3756.08,0.162592315
1/1/21,1,61.1,NaN,NaN,1883000,79,58.7,834000,1421895.833,-0.413459143,6.1,100.2909,3714.25,0.151519755
2/1/21,1.3,64.8,NaN,NaN,1715000,76.8,60.8,755000,1467333.333,-0.485461154,6.1,100.6624,3811.16,0.290073183
3/1/21,1.58,68,5.2,1.6,1732000,84.9,64.7,669250,1328562.5,-0.496260056,5.8,100.986,3972.9,0.537149026
4/1/21,1.49,64.3,NaN,NaN,1738000,88.3,60.7,589000,989041.6667,-0.404474028,5.9,101.2552,4181.18,0.435632788
5/1/21,1.44,67,NaN,NaN,1681000,82.9,61.2,457250,859000,-0.467694994,5.4,101.3342,4204.12,0.380976313
6/1/21,1.2,66,6.2,12,1657000,85.5,60.6,410500,769020.8333,-0.466204318,5.1,101.3408,4297.49,0.386157424
7/1/21,1.05,64.9,NaN,NaN,1652000,81.2,59.5,372250,684750,-0.456370938,4.7,101.2918,4395.27,0.343659053
8/1/21,1.1,66.7,NaN,NaN,1770000,70.3,59.9,360500,640458.3333,-0.437121853,4.5,101.2208,4522.69,0.292082701
9/1/21,1.24,66.7,3.3,4.7,1625000,72.8,61.1,354500,599020.8333,-0.408200883,4.2,101.1617,4307.53,0.280859352
10/1/21,1.07,59.8,NaN,NaN,1719000,71.7,60.8,277750,555666.6667,-0.50014997,3.9,101.1189,4605.39,0.408393375
11/1/21,0.91,61.5,NaN,NaN,1766000,67.4,60.8,236000,512729.1667,-0.539718012,4,101.0823,4567.01,0.261037157
12/1/21,0.79,61,7,5.4,1913000,70.6,58.6,211000,460583.3333,-0.54188529,3.8,101.0287,4766.19,0.268926647
1/1/22,0.61,57.9,NaN,NaN,1915000,67.2,57.6,239500,411041.6667,-0.417334009,3.7,100.9404,4515.54,0.215733997
2/1/22,0.39,61.7,NaN,NaN,1860000,62.8,58.4,217750,366270.8333,-0.405494568,3.7,100.8102,4373.95,0.147668951
3/1/22,0.04,53.8,-2,3.6,1879000,59.4,57,213250,328270.8333,-0.350383956,3.6,100.6231,4530.42,0.140330741
4/1/22,0.19,53.5,NaN,NaN,1835000,65.2,55.9,213250,296958.3333,-0.281885786,3.6,100.3779,4131.92,-0.011781363
5/1/22,0.32,55.1,NaN,NaN,1712000,58.4,56.1,210750,276416.6667,-0.237564064,3.5,100.079,4132.16,-0.017116543
6/1/22,0.06,49.2,-0.6,1.9,1745000,50,53.1,214500,260083.3333,-0.175264338,3.6,99.7687,3785.39,-0.119162581
7/1/22,-0.22,48,NaN,NaN,1719000,51.5,52.7,220750,247458.3333,-0.107930628,3.5,99.4976,4130.289,-0.060287764
8/1/22,-0.3,51.3,NaN,NaN,1542000,58.2,52.9,216750,235479.1667,-0.079536406,3.6,99.2862,3954.99,-0.125522642
9/1/22,-0.39,47.1,2.7,1.7,1613000,58.6,51,197750,222416.6667,-0.11090296,3.6,99.1214,3585.61,-0.167594886
10/1/22,-0.41,49.2,NaN,NaN,1560000,59.9,50,202500,216145.8333,-0.06313253,3.5,98.9918,3871.97,-0.159252528
11/1/22,-0.7,47.2,NaN,NaN,1402000,56.8,49,210000,213979.1667,-0.018596047,3.5,98.8933,4080.11,-0.106612423
12/1/22,-0.53,45.1,2.6,0.7,1400000,59.7,48.4,208000,213729.1667,-0.026805732,3.6,98.8326,3839.49,-0.194432031
1/1/23,-0.69,42.5,NaN,NaN,1443000,64.9,47.4,202750,210666.6667,-0.037579114,3.5,98.7975,4076.59,-0.09720875
2/1/23,-0.89,47,NaN,NaN,1620000,67,47.7,213500,210312.5,0.015156018,3.4,98.7777,3970.16,-0.092317013
3/1/23,-0.58,44.3,2.2,1.7,1493000,62,46.3,227000,211458.3333,0.073497537,3.6,98.7804,4109.32,-0.09294944
4/1/23,-0.6,45.7,NaN,NaN,1470000,63.5,47.1,216750,211750,0.023612751,3.6,98.8242,4169.49,0.009092625
5/1/23,-0.76,42.6,NaN,NaN,1532000,59.2,46.9,227000,213104.1667,0.065206765,3.5,98.9065,4179.84,0.011538759
6/1/23,-1.06,45.6,2.1,2.4,1493000,64.4,46,253500,216354.1667,0.171689937,3.7,99.023,4450.37,0.175670142
7/1/23,-0.91,47.3,NaN,NaN,1501000,71.6,46.4,233500,217416.6667,0.073974703,3.8,99.1232,4588.97,0.111053004
8/1/23,-0.76,46.8,NaN,NaN,1578000,69.5,47.6,245250,219791.6667,0.115829384,3.9,99.2012,4507.67,0.139742452
9/1/23,-0.44,49.2,4.9,2.9,1515000,68.1,49,216500,221354.1667,-0.021929412,3.7,99.2549,4288.04,0.19590251
10/1/23,-0.19,45.5,NaN,NaN,1534000,63.8,46.7,210500,222020.8333,-0.051890776,3.8,99.3027,4193.81,0.083120479
11/1/23,-0.36,47.8,NaN,NaN,1508000,61.3,46.6,217500,222645.8333,-0.023112192,3.7,99.3801,4567.81,0.119531091
12/1/23,-0.35,47,3.4,3.1,1530000,69.7,47.1,205750,222458.3333,-0.075107698,3.9,99.5016,4769.82,0.242305619
1/1/24,-0.28,52.5,NaN,NaN,1508000,79,49.1,209500,223020.8333,-0.060625876,3.9,99.6643,4845.66,0.188655224
2/1/24,-0.39,49.2,NaN,NaN,1563000,76.9,47.8,209250,222666.6667,-0.060254491,3.9,99.8432,5096.28,0.283645999
3/1/24,-0.39,51.4,1.6,2.9,1485000,79.4,50.3,214500,221625,-0.0321489,4,100.0103,5254.34,0.278639775
4/1/24,-0.35,49.1,NaN,NaN,1440000,77.2,49.2,210250,221083.3333,-0.049001131,4.1,100.1379,5035.7,0.207749629
5/1/24,-0.38,45.4,NaN,NaN,1399000,69.1,48.7,223000,220750,0.010192525,4.2,100.23,5277.5,0.262608138
6/1/24,-0.35,49.3,3,3,1454000,68.2,48.5,238750,219520.8333,0.08759609,4.2,100.23,5460.49,0.226974386
7/1/24,-0.2,47.4,NaN,NaN,1406000,66.4,46.8,238250,219916.6667,0.083364911,4.1,99.99,5522.29,0.20338333
8/1/24,0,44.6,NaN,NaN,1470000,67.9,47.2,230250,218666.6667,0.052972561,4.1,100.04,5648.39,0.253062003
9/1/24,0.15,46.1,3.1,2.7,1425000,70.1,47.2,224250,219312.5,0.022513537,4.2,100.13,5762.49,0.343851736
10/1/24,0.12,47.1,NaN,NaN,1419000,70.5,46.5,237000,221520.8333,0.069876799,4.1,100.23,5705.44,0.360443129
11/1/24,0.05,50.4,NaN,NaN,1493000,71.8,48.4,218500,221604.1667,-0.014007709,4,100.36,6032.39,0.320630674
12/1/24,0.33,52.1,2.4,2.5,1482000,74,49.2,207750,221770.8333,-0.06322217,4.1,100.57,5881.62,0.233090557
1/1/25,0.36,55.1,NaN,NaN,1473000,71.1,50.9,212750,222041.6667,-0.0418465,4,100.63,6040.52,0.246583541
2/1/25,0.25,48.6,NaN,NaN,1459000,64.7,50.3,224000,223270.8333,0.003265839,4.1,100.68,5954.51,0.168403227
3/1/25,0.34,45.2,2,NaN,1467000,57,49,227000,224312.5,0.011981053,4.2,100.68,5611.84,0.068038993
4/1/25,0.57,47.2,NaN,NaN,NaN,52.2,NaN,223000,225375,-0.010537992,4.2,NaN,5569.07,0.105917747
5/1/25,0.55,NaN,NaN,NaN,NaN,NaN,NaN,226000,225625,0.00166205,NaN,NaN,5694.81,0.079073425