time,10Y2Y_Yield,ISM New Orders,US_GDP_YOY,US_GDP_QOQ,Building Permits,Consumer Confidence,PMI,4-Week MA Initial Unemployment Claims,Unnamed: 9,Unnamed: 10,Unemployment Rate,US CLI,SP500,Unnamed: 14,CPI_YOY,Durable_Goods_YOY,Transport_Equipment_YOY
1976-06-01,0.84,60.6,3.0,6.2,1188000.0,83.3,58.2,393750.0,,,7.8,101.1063,104.279999,,5.9813,,
1976-07-01,1.12,58.0,,,1245000.0,,55.9,390000.0,,,7.6,101.086,103.440002,#REF!,5.5556,,
1976-08-01,1.16,57.7,,,1309000.0,89.7,54.5,388500.0,,,7.7,101.0549,102.910004,#REF!,5.7196,,
1976-09-01,1.22,55.3,2.2,5.0,1481000.0,,53.6,407500.0,,,7.8,101.042,105.239998,#REF!,5.4945,,
1976-10-01,1.39,57.0,,,1425000.0,,53.5,409250.0,,,7.8,101.0711,102.900002,#REF!,5.4645,,
1976-11-01,1.59,55.7,,,1531000.0,87.0,51.7,389500.0,,,7.5,101.1665,102.099998,#REF!,5.0633,,
1976-12-01,1.47,58.9,2.9,4.3,1511000.0,,56.6,373750.0,,,7.6,101.3215,107.459999,#REF!,5.036,,
1977-01-01,1.22,57.2,,,1466000.0,,54.8,407250.0,,,7.4,101.5058,102.029999,#REF!,5.1971,,
1977-02-01,1.37,56.8,,,1560000.0,87.1,55.0,450750.0,,,7.2,101.6953,99.82,#REF!,6.0823,,
1977-03-01,1.41,63.5,4.8,3.2,1660000.0,,58.4,360250.0,,,7.0,101.862,98.419998,#REF!,6.4286,,
1977-04-01,1.31,60.3,,,1660000.0,,56.9,371750.0,,,7.2,101.9733,98.440002,#REF!,6.9519,,
1977-05-01,1.2,64.5,,,1668000.0,90.2,59.7,380250.0,393541.6667,-0.033774484,6.9,102.0219,96.120003,#REF!,6.7376,,
1977-06-01,1.12,58.1,8.0,4.5,1752000.0,,56.8,361250.0,390833.3333,-0.075692964,7.0,102.0086,100.480003,#REF!,6.7019,,
1977-07-01,0.92,58.9,,,1687000.0,,57.7,364250.0,388687.5,-0.062871844,6.8,101.9454,98.849998,#REF!,6.6667,,
1977-08-01,0.69,58.8,,,1780000.0,89.0,54.9,367250.0,386916.6667,-0.050829205,6.8,101.8538,96.769997,-0.05966385,6.6318,,
1977-09-01,0.59,57.0,7.4,5.8,1674000.0,,53.9,368750.0,383687.5,-0.038931422,6.8,101.7617,96.529999,-0.0827632,6.4236,,
1977-10-01,0.39,57.1,,,1758000.0,,55.4,361750.0,379729.1667,-0.047347342,6.4,101.685,92.339996,-0.102623963,6.3903,,
1977-11-01,0.44,59.2,,,1771000.0,84.4,56.1,353500.0,376729.1667,-0.061660123,6.4,101.6252,94.830002,-0.071204663,6.7126,,
1977-12-01,0.56,60.7,0.0,5.0,1754000.0,,59.8,357750.0,375395.8333,-0.047005938,6.3,101.5877,95.099998,-0.115019553,6.6781,,
1978-01-01,0.47,60.6,,,1740000.0,83.7,57.4,351000.0,370708.3333,-0.053163988,6.3,101.5837,89.25,-0.125257269,6.8143,,
1978-02-01,0.47,56.2,,,1736000.0,84.3,55.9,383250.0,365083.3333,0.049760329,6.1,101.6239,87.040001,-0.128030445,6.2395,,
1978-03-01,0.45,56.6,1.3,4.1,1799000.0,78.8,55.0,349000.0,364145.8333,-0.041592768,6.0,101.7414,89.209999,-0.093578533,6.3758,,
1978-04-01,0.27,60.2,,,1948000.0,81.6,57.7,324250.0,360187.5,-0.099774423,5.9,101.9073,96.830002,-0.01635514,6.5,,
1978-05-01,0.3,63.9,,,1766000.0,82.9,60.2,327000.0,355750.0,-0.080815179,6.2,102.0753,97.239998,0.011652049,7.1429,,
1978-06-01,0.14,63.6,16.4,6.1,1983000.0,80.0,60.5,324250.0,352666.6667,-0.08057656,5.9,102.2027,95.529999,-0.049263573,7.438,,
1978-07-01,0.09,64.7,,,1786000.0,82.4,62.2,350750.0,351541.6667,-0.002251985,6.0,102.2652,100.68,0.018512919,7.7303,,
1978-08-01,-0.07,61.3,,,1691000.0,78.4,60.3,348750.0,350000.0,-0.003571429,5.8,102.2534,103.290001,0.067376296,7.856,,
1978-09-01,-0.14,61.3,4.1,5.3,1751000.0,80.4,60.5,325000.0,346354.1667,-0.061654135,5.9,102.1695,102.540001,0.062260459,8.4829,,
1978-10-01,-0.53,58.8,,,1781000.0,79.3,60.1,328250.0,343562.5,-0.044569765,6.0,102.0206,93.150002,0.008771995,8.9286,,
1978-11-01,-0.69,61.9,,,1795000.0,75.0,61.3,330500.0,341645.8333,-0.03262394,5.9,101.8281,94.699997,-0.001370927,8.871,,
1978-12-01,-0.83,59.9,5.5,6.7,1818000.0,66.1,59.4,350250.0,341020.8333,0.027063351,5.9,101.6282,96.110001,0.010620431,8.9888,,
1979-01-01,-0.69,57.3,,,1461000.0,72.1,58.5,357500.0,341562.5,0.046660567,5.8,101.4505,99.93,0.119663866,9.2504,,
1979-02-01,-0.72,58.6,,,1492000.0,73.9,58.2,358500.0,339500.0,0.055964654,5.8,101.2773,96.279999,0.106158064,9.8413,,
1979-03-01,-0.61,56.7,0.7,6.5,1720000.0,68.4,57.7,358750.0,340312.5,0.054178145,5.6,101.0777,101.589996,0.138773648,10.2524,,
1979-04-01,-0.56,55.1,,,1597000.0,66.0,56.2,415500.0,347916.6667,0.194251497,5.7,100.8379,101.760002,0.050913972,10.4851,,
1979-05-01,-0.5,52.1,,,1684000.0,68.1,54.4,348000.0,349666.6667,-0.004766444,5.7,100.5773,99.080002,0.018922296,10.6977,,
1979-06-01,-0.16,49.4,0.4,2.7,1640000.0,65.8,52.7,366000.0,353145.8333,0.036399033,6.0,100.3068,102.910004,0.077253272,11.0769,,
1979-07-01,-0.3,49.8,,,1534000.0,60.4,51.3,379250.0,355520.8333,0.066744799,5.9,100.0391,103.809998,0.031088578,11.4504,,
1979-08-01,-0.6,46.9,,,1591000.0,64.5,49.5,393750.0,359270.8333,0.095969846,6.0,99.7856,109.32,0.05837931,11.8361,,
1979-09-01,-0.66,48.7,3.0,2.4,1638000.0,66.7,49.6,385000.0,364270.8333,0.056905919,5.9,99.5369,109.32,0.066120528,11.8797,,
1979-10-01,-1.34,47.3,,,1481000.0,62.1,49.0,402250.0,370437.5,0.085878185,6.0,99.2732,101.82,0.093075661,12.0715,,
1979-11-01,-0.95,46.5,,,1276000.0,63.3,48.0,413250.0,377333.3333,0.095185512,6.3,98.9921,106.160004,0.121013805,12.5926,,
1979-12-01,-0.9,44.3,1.0,1.3,1254000.0,61.0,44.8,431250.0,384083.3333,0.122803211,6.3,98.7006,107.940002,0.123088137,13.2548,,
1980-01-01,-0.62,47.1,,,1280000.0,67.0,46.2,414250.0,388812.5,0.065423565,6.3,98.4007,115.12,0.152006404,13.8686,,
1980-02-01,-2.01,51.6,,,1199000.0,66.9,50.2,418000.0,393770.8333,0.061531136,6.9,98.0757,113.66,0.180515176,14.1618,,
1980-03-01,-1.99,43.8,1.3,1.4,988000.0,56.5,43.6,440000.0,400541.6667,0.098512431,7.5,97.7663,102.09,0.004921784,14.5923,,
1980-04-01,-0.05,32.0,,,808000.0,52.7,37.4,529750.0,410062.5,0.291876238,7.6,97.5948,106.29,0.044516489,14.5892,,
1980-05-01,1.0,25.6,,,861000.0,51.7,29.4,626750.0,433291.6667,0.446485239,7.8,97.653,111.24,0.122729085,14.4258,,
1980-06-01,1.12,24.2,-8.0,-0.8,1118000.0,58.7,30.3,607000.0,453375.0,0.338847532,7.7,97.9755,114.24,0.110096157,14.2659,,
1980-07-01,1.04,36.1,,,1259000.0,62.3,35.0,559250.0,468375.0,0.194021884,7.5,98.4905,121.67,0.172045105,13.1507,,
1980-08-01,0.19,54.1,,,1367000.0,67.3,45.5,518000.0,478729.1667,0.08203142,7.5,99.0702,122.38,0.119465789,12.8901,,
1980-09-01,-0.27,53.9,-0.5,-1.6,1484000.0,73.7,50.1,482750.0,486875.0,-0.008472401,7.5,99.5773,125.48,0.147822905,12.7688,,
1980-10-01,-0.62,63.7,,,1366000.0,75.0,55.5,438000.0,489854.1667,-0.105856335,7.2,99.9124,127.47,0.251915144,12.633,,
1980-11-01,-1.41,65.3,,,1383000.0,76.7,58.2,411000.0,489666.6667,-0.160653506,7.5,100.0493,140.52,0.323662347,12.6316,,
1980-12-01,-0.63,51.2,7.7,0.0,1249000.0,64.5,53.0,410000.0,487895.8333,-0.159656689,7.4,100.0331,135.76,0.257735756,12.3537,,
1981-01-01,-0.58,48.7,,,1221000.0,71.4,49.2,413750.0,487854.1667,-0.151898194,7.4,99.9394,129.55,0.125347464,11.7949,,
1981-02-01,-0.65,51.1,,,1199000.0,66.9,48.8,428750.0,488750.0,-0.122762148,7.2,99.8194,131.27,0.154935773,11.3924,,
1981-03-01,-0.04,50.2,8.1,1.6,1183000.0,66.5,49.6,407500.0,486041.6667,-0.161594514,7.5,99.6982,136.0,0.3321579,10.6117,,
1981-04-01,-0.73,53.1,,,1190000.0,72.4,51.6,410250.0,476083.3333,-0.138281113,7.5,99.5445,132.87,0.250070562,10.136,,
1981-05-01,-0.9,55.7,,,1173000.0,76.3,53.5,417250.0,458625.0,-0.090215318,7.2,99.3296,132.59,0.191927364,9.7919,,
1981-06-01,-0.8,51.0,-2.9,3.0,976000.0,73.1,50.7,433000.0,444125.0,-0.025049254,7.4,99.0692,131.21,0.148546919,9.697,,
1981-07-01,-1.17,47.6,,,935000.0,74.1,46.7,430750.0,433416.6667,-0.006152663,7.6,98.7977,130.92,0.076025314,10.7748,,
1981-08-01,-1.32,47.2,,,889000.0,77.2,48.3,443750.0,427229.1667,0.038669723,7.9,98.5198,122.79,0.003350221,10.8173,,
1981-09-01,-0.85,42.2,4.9,4.3,847000.0,73.1,42.5,473250.0,426437.5,0.109775758,8.3,98.2141,116.18,-0.074115397,10.9654,,
1981-10-01,0.04,40.2,,,731000.0,70.3,40.0,493750.0,431083.3333,0.145370191,8.5,97.8933,121.89,-0.043775006,10.2715,,
1981-11-01,0.77,32.8,,,748000.0,62.5,36.1,511750.0,439479.1667,0.164446551,8.6,97.5781,126.35,-0.100839738,9.5794,,
1981-12-01,0.35,39.1,-4.3,1.3,796000.0,64.3,37.8,551000.0,451229.1667,0.221109008,8.9,97.2925,122.55,-0.097304066,8.912,,
1982-01-01,-0.1,39.9,,,794000.0,71.0,38.2,545250.0,462187.5,0.179716024,9.0,97.0237,120.4,-0.070629101,8.2569,,
1982-02-01,-0.41,38.6,,,808000.0,66.5,38.3,533750.0,470937.5,0.133377571,9.3,96.7536,113.11,-0.138340824,7.6136,,
1982-03-01,-0.34,40.4,-6.1,-2.2,891000.0,62.0,36.8,556500.0,483354.1667,0.151329684,9.4,96.5106,111.96,-0.176764706,6.8849,,
1982-04-01,-0.12,40.9,,,888000.0,65.5,37.8,587000.0,498083.3333,0.178517651,9.6,96.3412,116.44,-0.1236547,6.6218,,
1982-05-01,0.09,38.1,,,953000.0,67.5,35.5,585750.0,512125.0,0.14376373,9.8,96.2624,111.0,-0.162832793,6.9119,,
1982-06-01,-0.22,42.0,1.8,-1.0,913000.0,65.7,38.3,599500.0,526000.0,0.13973384,9.8,96.2809,109.61,-0.164621599,7.1823,,
1982-07-01,0.51,40.7,,,1044000.0,65.4,38.4,570000.0,537604.1667,0.06025964,10.1,96.3841,107.09,-0.182019554,6.5574,,
1982-08-01,0.82,40.1,,,926000.0,65.4,38.3,629500.0,553083.3333,0.138164834,10.4,96.558,119.51,-0.026712273,5.9653,,
1982-09-01,0.5,40.4,-1.5,-2.6,1042000.0,69.3,38.8,660750.0,568708.3333,0.161843358,10.8,96.8067,120.42,0.036495094,4.9409,,
1982-10-01,0.86,41.9,,,1149000.0,73.4,39.4,641750.0,581041.6667,0.104481893,10.8,97.1245,133.72,0.097054721,5.0321,,
1982-11-01,0.83,41.5,,,1229000.0,72.1,39.2,594250.0,587916.6667,0.010772502,10.4,97.5232,138.53,0.096398892,4.4776,,
1982-12-01,0.88,46.0,0.2,-1.4,1351000.0,71.9,42.8,523750.0,585645.8333,-0.105688165,10.4,98.0113,140.64,0.147613219,3.8257,,
1983-01-01,1.22,50.3,,,1426000.0,70.4,46.0,492750.0,581270.8333,-0.152288448,10.3,98.5756,145.3,0.206810631,3.7076,,
1983-02-01,0.96,60.6,,,1471000.0,74.6,54.4,488750.0,577520.8333,-0.153710184,10.2,99.1889,148.05,0.308902838,3.4847,,
1983-03-01,0.75,60.8,5.4,1.4,1475000.0,80.8,53.9,480250.0,571166.6667,-0.159177123,10.1,99.8203,152.96,0.366202215,3.5903,,
1983-04-01,0.92,59.4,,,1566000.0,89.1,54.2,497250.0,563687.5,-0.117862291,10.1,100.4371,164.43,0.412143593,4.0,,
1983-05-01,0.79,61.8,,,1669000.0,93.3,56.1,468000.0,553875.0,-0.155044008,9.4,101.0045,162.39,0.462972973,3.4411,,
1983-06-01,0.73,62.3,9.4,3.3,1769000.0,92.2,57.5,444250.0,540937.5,-0.178740612,9.5,101.4899,168.11,0.533710428,2.4742,,
1983-07-01,0.73,70.3,,,1795000.0,92.8,63.6,404500.0,527145.8333,-0.232660159,9.2,101.8771,162.56,0.517975535,2.359,,
1983-08-01,0.8,68.1,,,1713000.0,90.9,63.1,435750.0,511000.0,-0.147260274,8.8,102.1664,164.4,0.375617103,2.4565,,
1983-09-01,0.91,66.9,8.2,5.7,1585000.0,89.9,62.5,408750.0,490000.0,-0.165816327,8.5,102.3778,166.07,0.379089852,2.7636,,
1983-10-01,1.13,69.5,,,1716000.0,89.3,64.4,399500.0,469812.5,-0.149660769,8.3,102.5191,163.55,0.223078074,2.7523,,
1983-11-01,0.96,69.2,,,1668000.0,91.1,66.0,392500.0,453000.0,-0.133554084,8.0,102.5957,166.39,0.201111673,3.1633,,
1983-12-01,0.97,74.8,8.6,7.9,1627000.0,94.2,69.9,369750.0,440166.6667,-0.159977281,7.8,102.61,164.93,0.172710466,3.7871,,
1984-01-01,1.09,63.7,,,1816000.0,100.1,60.5,351000.0,428354.1667,-0.180584602,7.8,102.5661,163.42,0.124707502,4.2901,,
1984-02-01,1.05,64.9,,,1987000.0,97.4,61.3,339250.0,415895.8333,-0.184290938,7.7,102.4535,157.06,0.060857818,4.6939,,
1984-03-01,0.93,60.9,8.1,8.6,1725000.0,101.0,58.9,345500.0,404666.6667,-0.146210873,7.4,102.2651,159.18,0.040664226,4.893,,
1984-04-01,0.93,63.2,,,1776000.0,96.1,61.0,369250.0,394000.0,-0.062817259,7.2,102.0091,160.04,-0.026698291,4.5547,,
1984-05-01,0.91,59.2,,,1741000.0,98.1,58.6,360250.0,385020.8333,-0.064336345,7.5,101.7149,150.55,-0.072910894,4.3347,,
1984-06-01,0.67,60.5,7.1,8.0,1814000.0,95.5,58.1,363000.0,378250.0,-0.04031725,7.5,101.4064,153.18,-0.088810898,4.326,,
1984-07-01,0.34,54.1,,,1605000.0,96.6,56.1,360500.0,374583.3333,-0.03759733,7.3,101.1153,150.66,-0.07320374,4.3086,,
1984-08-01,0.25,54.0,,,1530000.0,99.1,53.0,389500.0,370729.1667,0.0506322,7.4,100.8609,166.68,0.013868613,4.2957,,
1984-09-01,0.4,47.2,3.9,6.9,1523000.0,100.9,50.0,398000.0,369833.3333,0.076160433,7.2,100.66,166.1,0.000180647,4.2829,,
1984-10-01,0.7,52.9,,,1490000.0,96.3,50.8,419250.0,371479.1667,0.128596265,7.3,100.5192,166.09,0.015530419,4.2659,,
1984-11-01,1.08,52.0,,,1643000.0,95.7,50.3,407000.0,372687.5,0.092067751,7.3,100.4246,163.58,-0.016888034,4.1543,,
1984-12-01,1.53,52.8,3.3,5.6,1626000.0,92.9,50.6,381750.0,373687.5,0.021575514,7.2,100.3545,167.24,0.014005942,4.0434,,
1985-01-01,1.27,51.8,,,1660000.0,96.0,50.3,370750.0,375333.3333,-0.012211368,7.2,100.3003,179.63,0.099192265,3.5259,,
1985-02-01,1.25,51.8,,,1662000.0,93.7,49.9,391750.0,379708.3333,0.031712938,7.3,100.2492,181.18,0.153571883,3.6062,,
1985-03-01,1.22,49.1,3.9,4.6,1727000.0,93.7,47.8,382500.0,382791.6667,-0.000761946,7.2,100.2071,180.66,0.134941576,3.7901,,
1985-04-01,1.5,51.3,,,1664000.0,94.6,48.2,398250.0,385208.3333,0.033856138,7.4,100.1728,179.83,0.123656586,3.5818,,
1985-05-01,1.36,49.5,,,1709000.0,91.8,47.1,392750.0,387916.6667,0.012459721,7.4,100.1426,189.57,0.259182996,3.5749,,
1985-06-01,1.58,50.7,3.6,3.7,1716000.0,96.5,47.8,392250.0,390354.1667,0.004856701,7.1,100.1168,191.85,0.2524481,3.6644,,
1985-07-01,1.56,52.5,,,1697000.0,94.0,47.9,378250.0,391833.3333,-0.0346661,7.1,100.0853,190.92,0.267224213,3.4582,,
1985-08-01,1.32,51.8,,,1808000.0,92.4,47.7,403750.0,393020.8333,0.027299231,7.1,100.0571,188.63,0.131689465,3.3525,,
1985-09-01,1.43,54.6,6.3,4.3,1916000.0,92.1,49.9,408500.0,393895.8333,0.037076215,7.0,100.0371,182.08,0.096207104,3.2474,,
1985-10-01,1.31,53.4,,,1743000.0,88.4,50.9,405750.0,392770.8333,0.033045139,7.0,100.0315,189.82,0.142874345,3.235,,
1985-11-01,1.13,57.2,,,1692000.0,90.9,52.0,392250.0,391541.6667,0.001809088,6.7,100.0465,202.17,0.235909035,3.5138,,
1985-12-01,1.02,54.8,3.0,4.2,1794000.0,93.9,50.7,385250.0,391833.3333,-0.016801361,7.2,100.0781,211.28,0.263334131,3.7915,,
1986-01-01,1.09,56.7,,,1847000.0,95.6,51.2,366750.0,391500.0,-0.063218391,7.2,100.1041,211.78,0.178979012,3.9735,,
1986-02-01,0.42,57.1,,,1767000.0,95.9,51.0,369500.0,389645.8333,-0.051702935,7.1,100.1129,226.92,0.252456121,3.1985,,
1986-03-01,0.47,54.5,3.8,4.2,1780000.0,95.1,51.0,382750.0,389666.6667,-0.017750214,7.2,100.1051,238.9,0.322373519,2.1536,,
1986-04-01,0.55,54.4,,,1858000.0,96.2,49.7,385750.0,388625.0,-0.007397877,7.2,100.0901,235.52,0.309681366,1.5888,,
1986-05-01,0.69,61.1,,,1797000.0,94.8,53.4,384500.0,387937.5,-0.008860963,7.0,100.0725,247.35,0.304795063,1.6791,,
1986-06-01,0.54,55.3,1.8,3.7,1790000.0,99.3,50.5,370500.0,386125.0,-0.04046617,6.9,100.0406,250.84,0.307479802,1.7674,,
1986-07-01,0.77,51.2,,,1780000.0,97.7,48.0,362000.0,384770.8333,-0.059180248,7.0,99.9905,236.12,0.236748376,1.6713,,
1986-08-01,1.01,58.4,,,1726000.0,94.9,52.6,405250.0,384895.8333,0.052882273,7.0,99.9363,252.93,0.340878969,1.5755,,
1986-09-01,1.07,57.3,3.9,3.1,1686000.0,91.9,52.4,395500.0,383812.5,0.030451067,6.9,99.8863,231.32,0.27043058,1.7576,,
1986-10-01,1.08,54.5,,,1675000.0,95.6,51.2,383250.0,381937.5,0.003436426,6.6,99.8502,243.98,0.285322938,1.5668,,
1986-11-01,0.94,57.0,,,1644000.0,91.4,51.2,363000.0,379500.0,-0.043478261,6.6,99.8504,249.22,0.232724934,1.2844,,
1986-12-01,0.88,55.4,2.2,2.9,1903000.0,89.1,50.5,358250.0,377250.0,-0.05036448,6.6,99.9145,242.16,0.146156759,1.1872,,
1987-01-01,0.85,59.8,,,1690000.0,90.4,54.9,351250.0,375958.3333,-0.065720935,6.6,100.0558,274.08,0.294173199,1.3649,,
1987-02-01,0.84,55.4,,,1689000.0,90.2,52.6,348750.0,374229.1667,-0.068084396,6.3,100.2579,284.2,0.252423762,1.9143,,
1987-03-01,0.97,61.6,3.0,2.7,1704000.0,90.8,55.0,333250.0,370104.1667,-0.099577822,6.3,100.4872,291.7,0.221012976,2.8414,,
1987-04-01,0.83,59.8,,,1601000.0,92.8,55.5,336250.0,365979.1667,-0.081231855,6.2,100.7043,288.35,0.22431216,3.6799,,
1987-05-01,0.8,63.4,,,1500000.0,91.1,57.2,331250.0,361541.6667,-0.083784718,6.1,100.887,290.1,0.172832019,3.6697,,
1987-06-01,0.9,61.2,4.4,3.4,1522000.0,91.5,57.4,322250.0,357520.8333,-0.098653925,6.0,101.0163,304.0,0.211927922,3.7477,,
1987-07-01,1.03,64.0,,,1516000.0,93.7,57.5,319250.0,353958.3333,-0.098057681,5.9,101.0722,318.66,0.349568016,3.9269,,
1987-08-01,1.03,62.7,,,1511000.0,94.4,59.3,320000.0,346854.1667,-0.077422067,6.0,101.0342,329.79,0.303878543,4.2883,,
1987-09-01,1.03,62.1,3.5,3.3,1514000.0,93.6,60.0,309750.0,339708.3333,-0.088188397,5.8,100.9083,321.83,0.391276154,4.2727,,
1987-10-01,1.3,65.3,,,1447000.0,89.3,60.7,299750.0,332750.0,-0.099173554,5.7,100.7252,251.79,0.032010821,4.3557,,
1987-11-01,1.26,59.3,,,1457000.0,83.1,58.8,306750.0,328062.5,-0.064964755,5.7,100.5381,230.31,-0.075876735,4.529,,
1987-12-01,1.06,61.5,7.0,4.5,1345000.0,86.8,61.0,318750.0,324770.8333,-0.018538713,5.7,100.4062,247.09,0.020358441,4.3321,,
1988-01-01,1.04,60.3,,,1244000.0,90.8,57.5,340750.0,323895.8333,0.052035763,5.7,100.3373,257.07,-0.062062172,4.1293,,
1988-02-01,1.03,57.0,,,1438000.0,91.6,56.2,318750.0,321395.8333,-0.00823232,5.4,100.3233,267.82,-0.057635468,3.9356,,
1988-03-01,1.16,57.9,2.1,4.2,1525000.0,94.6,54.6,305500.0,319083.3333,-0.042569862,5.6,100.353,258.89,-0.112478574,3.8324,,
1988-04-01,1.14,57.6,,,1429000.0,91.2,55.8,313000.0,317145.8333,-0.013072325,5.4,100.4117,261.33,-0.093705566,3.9929,,
1988-05-01,0.99,57.7,,,1444000.0,94.8,55.5,313750.0,315687.5,-0.006137399,5.4,100.4862,262.14,-0.096380558,3.9823,,
1988-06-01,0.8,63.6,5.4,4.5,1485000.0,94.7,59.3,308250.0,314520.8333,-0.019937736,5.6,100.5551,273.5,-0.100328947,3.9648,,
1988-07-01,0.73,60.6,,,1439000.0,93.4,58.2,325750.0,315062.5,0.033921841,5.4,100.5965,272.01,-0.146394276,4.13,,
1988-08-01,0.54,59.2,,,1460000.0,97.4,56.0,314750.0,314625.0,0.000397298,5.4,100.6146,261.52,-0.207010522,4.112,,
1988-09-01,0.44,58.6,2.4,4.2,1436000.0,97.3,54.5,304500.0,314187.5,-0.030833499,5.3,100.619,271.91,-0.155112948,4.1848,,
1988-10-01,0.4,57.2,,,1516000.0,94.1,55.4,291250.0,313479.1667,-0.070911145,5.3,100.618,278.97,0.107947099,4.2609,,
1988-11-01,0.22,58.4,,,1508000.0,93.0,55.6,290500.0,312125.0,-0.06928314,5.4,100.612,273.69,0.188354826,4.2461,,
1988-12-01,0.0,59.0,5.4,3.8,1501000.0,91.9,56.0,292000.0,309895.8333,-0.057747899,5.2,100.5929,277.72,0.123962928,4.4118,,
1989-01-01,-0.11,57.3,,,1466000.0,97.9,54.7,289750.0,305645.8333,-0.052007361,5.0,100.5383,297.48,0.157194538,4.4828,,
1989-02-01,-0.23,57.3,,,1383000.0,95.4,54.1,303750.0,304395.8333,-0.002121689,5.2,100.43,288.86,0.078560227,4.6472,,
1989-03-01,-0.43,52.0,4.1,4.3,1214000.0,94.3,51.5,322000.0,305770.8333,0.053076242,5.2,100.2751,294.87,0.138977944,4.8927,,
1989-04-01,-0.2,53.1,,,1376000.0,91.5,52.2,309000.0,305437.5,0.011663597,5.3,100.1007,309.64,0.184862052,5.0341,,
1989-05-01,-0.22,50.7,,,1381000.0,90.7,49.3,324500.0,306333.3333,0.059303591,5.2,99.9332,320.52,0.222705425,5.2766,,
1989-06-01,0.02,45.6,3.1,3.8,1322000.0,90.6,47.3,333000.0,308395.8333,0.079781125,5.2,99.8031,317.98,0.162632541,5.1695,,
1989-07-01,0.29,45.8,,,1283000.0,92.0,45.9,339750.0,309562.5,0.097516657,5.3,99.7228,346.08,0.272306165,5.0633,,
1989-08-01,-0.16,45.2,,,1334000.0,89.6,45.1,334500.0,311208.3333,0.074842683,5.3,99.6907,351.45,0.343874273,4.6219,,
1989-09-01,-0.15,46.0,3.0,3.9,1314000.0,95.8,46.0,337750.0,313979.1667,0.075708314,5.4,99.6919,349.15,0.28406458,4.4352,,
1989-10-01,0.07,49.3,,,1365000.0,93.9,46.8,363250.0,319979.1667,0.135230158,5.4,99.7053,340.36,0.220059505,4.5872,,
1989-11-01,0.09,49.3,,,1344000.0,90.9,46.8,336750.0,323833.3333,0.039886773,5.4,99.7283,345.99,0.264167489,4.655,,
1989-12-01,0.06,50.4,0.8,2.7,1422000.0,90.5,47.4,358000.0,329333.3333,0.087044534,5.3,99.7581,353.4,0.272504681,4.6396,,
1990-01-01,0.15,49.1,,,1748000.0,93.0,47.2,361000.0,335270.8333,0.07674144,5.2,99.7921,329.08,0.106225629,5.198,,
1990-02-01,0.08,52.5,,,1329000.0,89.5,49.1,358250.0,339812.5,0.054257863,5.4,99.8225,331.89,0.148964896,5.2632,,
1990-03-01,0.01,52.3,4.4,2.8,1246000.0,91.3,49.9,343750.0,341625.0,0.006220271,5.4,99.822,339.94,0.152847017,5.2373,,
1990-04-01,0.08,53.7,,,1136000.0,93.9,50.0,361750.0,346020.8333,0.045457282,5.2,99.7471,330.8,0.068337424,4.7116,,
1990-05-01,0.1,51.7,,,1067000.0,90.6,49.5,355250.0,348583.3333,0.01912503,5.5,99.5769,361.23,0.127012355,4.3654,,
1990-06-01,0.19,52.0,1.5,2.4,1108000.0,88.3,49.2,361000.0,350916.6667,0.028734267,5.7,99.2914,358.02,0.125919869,4.6737,,
1990-07-01,0.45,46.7,,,1078000.0,88.2,46.6,367000.0,353187.5,0.039108122,5.9,98.8964,356.15,0.029097319,4.8193,,
1990-08-01,0.79,45.5,,,1069000.0,76.4,46.1,384250.0,357333.3333,0.075326493,5.9,98.4229,322.56,-0.082202305,5.7028,,
1990-09-01,0.8,44.9,0.3,1.7,976000.0,72.8,44.5,394500.0,362062.5,0.089590886,6.2,97.9434,306.05,-0.123442646,6.1699,,
1990-10-01,0.88,43.1,,,925000.0,63.9,43.2,425250.0,367229.1667,0.157996256,6.3,97.5269,304.0,-0.106828064,6.3796,,
1990-11-01,0.73,40.4,,,941000.0,66.0,41.3,446750.0,376395.8333,0.186915371,6.4,97.2387,322.22,-0.068701408,6.1954,,
1990-12-01,0.93,38.5,-3.6,0.6,861000.0,65.5,40.8,456000.0,384562.5,0.185763042,6.6,97.1241,330.22,-0.065591398,6.255,,
1991-01-01,0.98,38.1,,,786000.0,66.8,39.2,439750.0,391125.0,0.124320869,6.8,97.1829,343.93,0.045125805,5.6471,,
1991-02-01,0.98,39.2,,,853000.0,70.4,39.4,484000.0,401604.1667,0.205166779,6.7,97.3984,367.07,0.105998976,5.3125,,
1991-03-01,1.03,42.4,-1.9,-1.0,911000.0,87.7,40.7,501250.0,414729.1667,0.208620083,6.9,97.7189,375.22,0.103783021,4.8212,,
1991-04-01,1.22,46.1,,,916000.0,81.8,42.8,467250.0,423520.8333,0.103251513,6.9,98.0845,375.35,0.134673519,4.8099,,
1991-05-01,1.38,48.9,,,991000.0,78.3,44.5,447000.0,431166.6667,0.036722072,6.8,98.4521,389.83,0.079173934,5.0349,,
1991-06-01,1.34,58.4,3.2,-0.5,964000.0,82.1,50.3,427750.0,436729.1667,-0.020560034,6.9,98.7886,371.16,0.03670186,4.6959,,
1991-07-01,1.39,55.6,,,973000.0,82.9,50.6,418250.0,441000.0,-0.051587302,6.9,99.0467,387.81,0.088895128,4.3678,,
1991-08-01,1.46,60.1,,,944000.0,82.0,52.9,430000.0,444812.5,-0.033300548,7.0,99.1875,395.43,0.225911458,3.7994,,
1991-09-01,1.48,60.7,2.0,-0.1,974000.0,83.0,54.9,424500.0,447312.5,-0.050999022,7.0,99.2174,387.86,0.267309263,3.3962,,
1991-10-01,1.77,58.0,,,991000.0,78.3,53.1,422750.0,447104.1667,-0.054470901,7.3,99.1691,392.46,0.290986842,2.8486,,
1991-11-01,2.0,53.5,,,984000.0,69.1,49.5,445000.0,446958.3333,-0.004381467,7.3,99.0966,375.22,0.164483893,3.0666,,
1991-12-01,1.94,49.5,1.4,1.2,1061000.0,68.2,46.8,456750.0,447020.8333,0.021764459,7.4,99.0632,417.09,0.263067046,2.9806,,
1992-01-01,2.2,49.6,,,1077000.0,67.5,47.3,439000.0,446958.3333,-0.017805537,7.4,99.1134,408.79,0.188584886,2.6726,,
1992-02-01,2.0,58.3,,,1146000.0,68.8,52.7,442750.0,443520.8333,-0.001737987,7.4,99.239,412.7,0.124308715,2.819,,
1992-03-01,1.94,63.3,4.9,2.9,1082000.0,76.0,54.6,429500.0,437541.6667,-0.018379202,7.6,99.4083,403.69,0.075875486,3.1899,,
1992-04-01,2.15,59.1,,,1054000.0,77.2,52.6,418250.0,433458.3333,-0.035086033,7.8,99.5617,414.95,0.105501532,3.1828,,
1992-05-01,2.14,60.9,,,1056000.0,79.2,55.7,414000.0,430708.3333,-0.038792686,7.7,99.6589,415.35,0.065464433,3.0236,,
1992-06-01,2.31,59.8,4.4,3.2,1057000.0,80.4,53.6,418750.0,429958.3333,-0.026068417,7.6,99.6878,408.14,0.099633581,3.0147,,
1992-07-01,2.3,59.5,,,1089000.0,76.6,53.9,442750.0,432000.0,0.024884259,7.6,99.6767,424.22,0.093886181,3.1571,,
1992-08-01,2.47,58.8,,,1075000.0,76.1,53.4,403250.0,429770.8333,-0.061709244,7.3,99.6662,414.03,0.047037402,3.0747,,
1992-09-01,2.57,51.1,4.0,3.7,1114000.0,75.6,49.7,417000.0,429145.8333,-0.028302345,7.4,99.6993,417.8,0.077192802,2.9927,,
1992-10-01,2.4,53.8,,,1132000.0,73.3,50.3,372750.0,424979.1667,-0.122898181,7.4,99.7999,418.68,0.066809356,3.2799,,
1992-11-01,2.16,58.8,,,1118000.0,85.3,53.6,362250.0,418083.3333,-0.133545944,7.3,99.9458,431.35,0.149592239,3.1205,,
1992-12-01,2.14,61.0,4.2,4.4,1176000.0,91.0,54.2,339000.0,408270.8333,-0.169668827,7.1,100.0767,435.71,0.044642643,2.9667,,
1993-01-01,2.19,63.0,,,1177000.0,89.3,55.8,346750.0,400583.3333,-0.134387352,7.0,100.1406,438.78,0.073362851,3.2538,,
1993-02-01,2.11,59.7,,,1148000.0,86.6,55.2,338250.0,391875.0,-0.136842105,7.1,100.1239,443.38,0.074339714,3.2468,12.5019,21.5226
1993-03-01,2.07,58.1,0.7,3.3,1056000.0,85.9,53.5,351000.0,385333.3333,-0.089100346,7.1,100.033,451.67,0.118853576,3.0194,5.613,1.5714
1993-04-01,2.22,53.0,,,1104000.0,85.6,50.2,354750.0,380041.6667,-0.06654972,7.0,99.8991,440.19,0.060826606,3.1564,2.35,-5.7334
1993-05-01,1.92,55.2,,,1112000.0,80.3,51.2,343750.0,374187.5,-0.08134291,6.9,99.7433,450.21,0.083929216,3.2212,0.5619,-6.5258
1993-06-01,1.77,51.6,2.3,2.8,1130000.0,81.5,49.6,342750.0,367854.1667,-0.068244889,6.8,99.6124,450.53,0.10386142,2.9979,6.0065,12.8788
1993-07-01,1.7,53.8,,,1174000.0,77.0,50.2,355000.0,360541.6667,-0.015370392,6.7,99.5413,448.13,0.056362265,2.847,4.5036,2.157
1993-08-01,1.57,55.3,,,1230000.0,77.3,50.7,341000.0,355354.1667,-0.040393973,6.8,99.5553,463.56,0.119629012,2.8409,7.447,9.2362
1993-09-01,1.51,52.6,1.9,2.3,1251000.0,77.9,50.8,339000.0,348854.1667,-0.028247238,6.6,99.6606,458.93,0.098444232,2.764,5.403,3.4998
1993-10-01,1.44,58.9,,,1287000.0,82.7,53.4,354000.0,347291.6667,0.019316137,6.5,99.8471,467.83,0.117392758,2.7523,4.534,-7.9176
1993-11-01,1.61,60.4,,,1357000.0,81.2,53.8,341000.0,345520.8333,-0.013084112,6.6,100.0841,461.79,0.070569143,2.7445,6.5512,9.3196
1993-12-01,1.58,62.4,5.6,2.6,1461000.0,88.2,55.6,323000.0,344187.5,-0.061558017,6.6,100.3465,466.45,0.070551514,2.811,5.9367,2.8427
1994-01-01,1.58,63.5,,,1390000.0,94.3,56.0,363750.0,345604.1667,0.052504672,6.5,100.5925,481.61,0.097611559,2.451,13.8617,34.9606
1994-02-01,1.48,62.2,,,1269000.0,93.2,56.5,348500.0,346458.3333,0.005892965,6.4,100.7934,467.14,0.053588344,2.5157,6.4313,0.0391
1994-03-01,1.56,62.8,3.9,3.4,1342000.0,91.5,56.9,335750.0,345187.5,-0.027340214,6.1,100.943,445.76,-0.013084774,2.6518,7.72,9.2196
1994-04-01,1.33,62.7,,,1392000.0,92.6,57.4,344500.0,344333.3333,0.000484027,6.1,101.0377,450.91,0.02435312,2.3644,10.1582,9.9174
1994-05-01,1.16,61.6,,,1396000.0,92.8,58.2,359000.0,345604.1667,0.038760625,6.1,101.08,456.51,0.01399347,2.2885,12.7251,14.1883
1994-06-01,1.15,65.0,5.5,4.2,1357000.0,91.2,58.8,340000.0,345375.0,-0.015562794,6.0,101.0759,444.27,-0.013894746,2.4948,11.4052,3.8774
1994-07-01,1.13,64.2,,,1335000.0,89.0,58.5,344250.0,344479.1667,-0.000665256,5.9,101.0401,458.25,0.022582733,2.699,13.1932,12.7952
1994-08-01,1.02,63.0,,,1377000.0,91.7,58.0,336250.0,344083.3333,-0.022765803,5.8,100.9875,475.5,0.025757184,2.9005,12.758,16.7603
1994-09-01,1.0,62.7,2.4,4.3,1412000.0,91.5,59.0,330250.0,343354.1667,-0.03816516,5.6,100.9194,462.71,0.00823655,2.9655,14.3469,22.6539
1994-10-01,0.97,63.0,,,1397000.0,92.7,59.4,334250.0,341708.3333,-0.021826607,5.5,100.8282,472.35,0.009661629,2.6099,12.2995,12.0022
1994-11-01,0.51,61.5,,,1340000.0,91.6,59.2,328000.0,340625.0,-0.03706422,5.6,100.6909,453.69,-0.01754044,2.6027,15.0678,19.3512
1994-12-01,0.15,58.9,4.7,4.1,1396000.0,95.1,56.1,323000.0,340625.0,-0.051743119,5.4,100.4961,461.17,-0.011319541,2.5974,14.1684,20.7909
1995-01-01,0.34,59.7,,,1282000.0,97.6,57.4,333500.0,338104.1667,-0.013617598,5.4,100.2388,470.42,-0.023234567,2.8708,8.6362,-6.5167
1995-02-01,0.43,56.6,,,1254000.0,95.1,55.1,337750.0,337208.3333,0.001606326,5.8,99.9211,487.39,0.043348889,2.863,12.1882,15.4889
1995-03-01,0.4,51.9,1.4,3.5,1226000.0,90.3,52.1,340250.0,337583.3333,0.007899284,5.6,99.5741,500.71,0.123272613,2.7872,11.9665,13.4688
1995-04-01,0.47,52.2,,,1259000.0,92.5,51.5,354000.0,338375.0,0.046176579,5.6,99.251,514.71,0.14149165,3.125,7.8846,4.2972
1995-05-01,0.41,44.0,,,1271000.0,89.8,46.7,370250.0,339312.5,0.091177012,5.7,98.9958,533.4,0.168430045,3.1186,7.157,2.592
1995-06-01,0.42,43.5,1.2,2.4,1305000.0,92.7,45.9,366250.0,341500.0,0.072474378,5.7,98.8257,544.75,0.226168771,3.0426,3.4385,0.0567
1995-07-01,0.57,52.7,,,1354000.0,94.4,50.7,375500.0,344104.1667,0.091239329,5.6,98.7275,562.06,0.226535734,2.8302,2.6908,-0.6149
1995-08-01,0.43,46.5,,,1386000.0,96.2,47.1,356250.0,345770.8333,0.030306682,5.5,98.6666,561.88,0.181661409,2.6174,5.8183,0.181
1995-09-01,0.34,49.4,3.5,2.7,1421000.0,88.9,48.1,363750.0,348562.5,0.043571813,5.6,98.6142,584.41,0.263015712,2.5452,10.0957,15.9735
1995-10-01,0.42,47.5,,,1400000.0,90.2,46.7,371500.0,351666.6667,0.056398104,5.6,98.5701,581.5,0.231078649,2.7443,3.9626,-4.2532
1995-11-01,0.4,48.6,,,1430000.0,88.2,45.9,377000.0,355750.0,0.059732959,5.6,98.5491,605.37,0.3343252,2.6035,4.071,-0.5199
1995-12-01,0.4,45.9,2.7,2.2,1442000.0,91.0,46.2,363000.0,359083.3333,0.010907403,5.5,98.5658,615.93,0.335581239,2.5316,7.0759,8.6131
1996-01-01,0.67,44.1,,,1387000.0,89.3,45.5,374000.0,362458.3333,0.031842741,5.5,98.6326,636.02,0.352025849,2.7907,3.5538,13.4232
1996-02-01,0.69,46.1,,,1420000.0,88.5,45.9,377250.0,365750.0,0.031442242,5.6,98.757,640.43,0.313999056,2.717,-2.0038,-9.0079
1996-03-01,0.55,49.1,3.0,2.6,1437000.0,93.7,46.9,391000.0,369979.1667,0.056816262,5.6,98.9266,645.5,0.289169379,2.8439,7.9064,16.5532
1996-04-01,0.63,52.3,,,1463000.0,92.7,49.3,359250.0,370416.6667,-0.030146232,5.3,99.1057,654.17,0.27094869,2.8327,3.5858,5.1489
1996-05-01,0.58,51.7,,,1457000.0,89.4,49.1,344500.0,368270.8333,-0.064547152,5.5,99.2734,669.12,0.254443195,2.8271,7.6316,15.308
1996-06-01,0.62,59.4,6.8,4.0,1429000.0,92.4,53.6,342750.0,366312.5,-0.064323494,5.1,99.4094,670.63,0.231078476,2.8215,9.6954,15.0181
1996-07-01,0.58,51.9,,,1450000.0,94.7,49.7,337000.0,363104.1667,-0.071891675,5.2,99.5043,639.95,0.138579511,2.8834,9.8533,17.6957
1996-08-01,0.62,54.6,,,1413000.0,95.3,51.6,333250.0,361187.5,-0.077349022,5.2,99.5794,651.99,0.160372321,2.8123,1.9032,-5.8351
1996-09-01,0.62,54.6,3.6,4.1,1392000.0,94.7,51.1,342750.0,359437.5,-0.046426708,5.4,99.6506,687.33,0.176109238,3.0046,3.2883,4.1352
1996-10-01,0.6,52.9,,,1358000.0,96.5,50.5,339000.0,356729.1667,-0.049699235,5.4,99.7231,705.27,0.212846088,3.0619,6.2988,14.926
1996-11-01,0.47,56.9,,,1412000.0,99.2,53.0,337000.0,353395.8333,-0.046395095,5.3,99.8055,757.02,0.250507954,3.2531,9.3739,20.015
1996-12-01,0.55,61.7,4.2,4.4,1411000.0,96.9,55.2,353500.0,352604.1667,0.00254062,5.2,99.894,740.74,0.202636663,3.3788,-0.58,-2.5829
1997-01-01,0.59,57.0,,,1382000.0,97.4,53.8,339000.0,349687.5,-0.030563003,5.2,99.9977,786.16,0.236061759,3.0381,3.8644,-1.3696
1997-02-01,0.47,57.6,,,1445000.0,99.7,53.1,320750.0,344979.1667,-0.07023371,5.1,100.1248,790.82,0.234826601,3.0323,12.8989,15.7424
1997-03-01,0.47,58.6,2.6,4.3,1436000.0,100.0,53.8,319000.0,338979.1667,-0.058939217,4.9,100.2617,757.12,0.172920217,2.7653,1.5711,-11.8037
1997-04-01,0.43,56.6,,,1421000.0,101.4,53.7,327000.0,336291.6667,-0.027629786,5.0,100.4037,801.34,0.224972102,2.4343,10.9826,11.8923
1997-05-01,0.45,62.3,,,1414000.0,103.2,56.1,319250.0,334187.5,-0.044697961,4.9,100.5454,848.28,0.267754663,2.2378,2.4826,-3.3828
1997-06-01,0.43,59.4,6.8,4.3,1402000.0,104.5,54.9,325500.0,332750.0,-0.021788129,4.8,100.6812,885.14,0.319863412,2.2336,6.2145,3.556
1997-07-01,0.28,61.3,,,1440000.0,107.1,57.7,320250.0,331354.1667,-0.033511474,4.9,100.8003,954.31,0.491225877,2.1656,9.3356,6.2418
1997-08-01,0.37,60.3,,,1449000.0,104.4,56.3,332750.0,331312.5,0.004338804,4.7,100.8861,899.47,0.379576374,2.2901,12.7087,24.9558
1997-09-01,0.32,55.4,5.1,4.7,1494000.0,106.0,53.9,315250.0,329020.8333,-0.041853986,4.6,100.9437,947.28,0.37820261,2.2194,7.4908,-3.9588
1997-10-01,0.21,60.9,,,1499000.0,105.6,56.4,310000.0,326604.1667,-0.050838808,4.7,100.9741,914.62,0.296836672,2.086,7.5847,10.1536
1997-11-01,0.1,57.4,,,1469000.0,107.2,55.7,315000.0,324770.8333,-0.030085317,4.6,100.9718,955.4,0.262053843,1.8904,11.9473,22.2342
1997-12-01,0.09,57.2,3.5,4.5,1456000.0,102.1,54.5,313250.0,321416.6667,-0.025408348,4.6,100.9355,970.43,0.31008181,1.697,7.0461,-0.1271
1998-01-01,0.21,57.1,,,1555000.0,106.6,53.8,323500.0,320125.0,0.010542757,4.7,100.883,980.28,0.246921746,1.6311,7.7002,9.0155
1998-02-01,0.07,54.6,,,1647000.0,110.4,52.9,319000.0,319979.1667,-0.003060095,4.3,100.8144,1049.34,0.326901191,1.4402,6.491,8.3649
1998-03-01,0.07,54.9,4.1,4.9,1605000.0,106.5,52.9,315000.0,319645.8333,-0.014534315,4.4,100.7118,1101.75,0.45518544,1.3767,5.5607,8.4086
1998-04-01,0.09,55.3,,,1547000.0,108.7,52.2,311000.0,318312.5,-0.022972708,4.5,100.5724,1111.77,0.387388624,1.4384,3.9419,12.9837
1998-05-01,0.03,51.5,,,1554000.0,106.5,50.9,313000.0,317791.6667,-0.015078012,4.5,100.3981,1090.82,0.285919743,1.6886,7.1465,11.3021
1998-06-01,-0.05,50.2,3.8,4.1,1551000.0,105.6,48.9,338000.0,318833.3333,0.060115003,4.5,100.2004,1133.84,0.280972502,1.623,-1.5095,-12.8796
1998-07-01,0.01,51.8,,,1610000.0,105.2,49.2,333000.0,319895.8333,0.040963855,4.6,100.01,1120.67,0.174324905,1.7456,-4.697,-11.1492
1998-08-01,0.14,50.9,,,1654000.0,104.4,49.3,309000.0,317916.6667,-0.028047182,4.5,99.851,957.53,0.064549123,1.6169,0.9763,5.9796
1998-09-01,0.14,49.4,5.1,4.1,1577000.0,100.9,48.7,304000.0,316979.1667,-0.040946434,4.4,99.7555,1017.05,0.073652985,1.4268,2.017,11.5347
1998-10-01,0.52,48.0,,,1719000.0,97.4,48.7,312750.0,317208.3333,-0.014054906,4.4,99.7579,1098.67,0.201231112,1.4861,0.4083,5.3993
1998-11-01,0.2,48.3,,,1672000.0,102.7,48.2,316000.0,317291.6667,-0.004070913,4.3,99.8611,1163.63,0.217950597,1.4842,-4.596,-13.2634
1998-12-01,0.11,49.7,6.6,4.9,1742000.0,100.5,46.8,316000.0,317520.8333,-0.004789712,4.4,100.0286,1229.23,0.266685902,1.6069,2.6783,4.5898
1999-01-01,0.08,52.4,,,1732000.0,103.9,50.6,325000.0,317645.8333,0.023152095,4.2,100.2349,1279.64,0.305382136,1.6667,7.0223,26.3174
1999-02-01,0.16,55.0,,,1720000.0,108.1,51.7,301500.0,316187.5,-0.046451868,4.3,100.4449,1238.33,0.180103684,1.6667,2.3589,9.4056
1999-03-01,0.26,55.9,3.8,4.8,1665000.0,105.7,52.4,302750.0,315166.6667,-0.039397144,4.2,100.634,1286.42,0.167615158,1.7284,4.4113,14.7085
1999-04-01,0.28,54.0,,,1600000.0,104.6,52.3,308500.0,314958.3333,-0.020505358,4.3,100.7997,1335.18,0.200949837,2.2811,1.1486,-3.4396
1999-05-01,0.22,57.8,,,1640000.0,106.8,54.3,303000.0,314125.0,-0.035415838,4.3,100.9418,1301.84,0.193450798,2.091,2.9502,8.7279
1999-06-01,0.28,59.4,3.4,4.7,1702000.0,107.3,55.8,294000.0,310458.3333,-0.053013018,4.2,101.05,1372.66,0.210629366,1.9656,6.0405,23.2719
1999-07-01,0.29,54.6,,,1682000.0,106.0,53.6,300750.0,307770.8333,-0.022811887,4.2,101.1277,1328.72,0.185647871,2.1446,10.9258,23.7167
1999-08-01,0.25,57.5,,,1671000.0,104.5,54.8,290750.0,306250.0,-0.050612245,4.1,101.1841,1320.41,0.378975071,2.2644,5.7984,5.5469
1999-09-01,0.27,63.5,5.4,4.8,1551000.0,107.2,57.0,289500.0,305041.6667,-0.050949324,4.1,101.2334,1282.71,0.26120643,2.63,4.1274,1.2851
1999-10-01,0.23,61.3,,,1649000.0,103.2,57.2,285750.0,302791.6667,-0.056281822,4.0,101.2838,1362.93,0.240527183,2.5625,8.9734,7.9795
1999-11-01,0.17,63.1,,,1672000.0,107.2,58.1,281750.0,299937.5,-0.060637633,4.0,101.3359,1388.95,0.193635434,2.6204,2.301,-4.3445
1999-12-01,0.21,60.3,6.7,4.8,1683000.0,105.4,57.8,278500.0,296812.5,-0.061697199,4.1,101.3718,1469.25,0.195260448,2.6764,10.0435,20.1275
2000-01-01,0.07,60.4,,,1727000.0,111.4,56.7,289000.0,293812.5,-0.016379494,4.0,101.3651,1394.46,0.089728361,2.793,7.9522,3.9477
2000-02-01,-0.11,58.7,,,1692000.0,111.3,55.8,293750.0,293166.6667,0.001989767,3.8,101.2998,1359.78,0.098075634,3.218,-0.8812,-7.07
2000-03-01,-0.47,56.2,1.5,4.2,1651000.0,107.1,54.9,274750.0,290833.3333,-0.05530086,4.0,101.2039,1498.58,0.164922809,3.7621,4.0289,-5.2598
2000-04-01,-0.45,55.4,,,1597000.0,109.2,54.7,273000.0,287875.0,-0.051671733,4.0,101.0857,1456.04,0.09051963,3.0139,6.5855,2.2485
2000-05-01,-0.4,51.5,,,1543000.0,110.7,53.2,282250.0,286145.8333,-0.013614853,4.0,100.9399,1420.65,0.091263135,3.1325,1.4213,-8.349
2000-06-01,-0.35,50.0,7.5,5.2,1572000.0,106.4,51.4,291000.0,285895.8333,0.017853239,4.1,100.7756,1454.6,0.059694316,3.7349,20.3489,46.7795
2000-07-01,-0.26,52.0,,,1542000.0,108.3,52.5,298500.0,285708.3333,0.044771766,3.9,100.5932,1430.84,0.076855921,3.5993,0.0963,-6.5237
2000-08-01,-0.45,50.0,,,1552000.0,107.3,49.9,312750.0,287541.6667,0.087668454,3.9,100.3784,1517.59,0.149332404,3.3513,-0.3611,-9.4954
2000-09-01,-0.18,48.9,0.4,4.0,1570000.0,106.8,49.7,300000.0,288416.6667,0.040161803,3.9,100.1283,1436.48,0.119879006,3.4565,5.8425,9.7714
2000-10-01,-0.17,48.4,,,1577000.0,105.8,48.7,301000.0,289687.5,0.039050701,3.9,99.8264,1429.39,0.048762592,3.4503,-4.3121,-14.7832
2000-11-01,-0.13,49.1,,,1614000.0,107.6,48.5,334250.0,294062.5,0.136663124,4.2,99.4829,1314.95,-0.053277656,3.4442,1.4979,2.7109
2000-12-01,0.01,42.1,2.4,2.9,1543000.0,98.4,43.9,348000.0,299854.1667,0.160564163,4.2,99.113,1320.5,-0.10124213,3.436,-3.914,-6.8627
2001-01-01,0.57,38.4,,,1699000.0,94.7,42.3,340000.0,304104.1667,0.118037953,4.3,98.7757,1366.01,-0.020402163,3.7212,-12.0699,-26.458
2001-02-01,0.51,39.9,,,1656000.0,90.6,42.1,371250.0,310562.5,0.195411552,4.4,98.5171,1239.94,-0.088131904,3.5294,-1.9765,-4.9431
2001-03-01,0.75,41.5,-1.3,2.2,1659000.0,91.5,43.1,388000.0,320000.0,0.2125,4.3,98.3498,1160.34,-0.225707003,2.9825,-5.1637,8.323
2001-04-01,1.05,45.5,,,1666000.0,88.4,42.7,396750.0,330312.5,0.201135289,4.5,98.2654,1249.48,-0.141864234,3.2183,-11.8917,-4.9454
2001-05-01,1.21,44.9,,,1665000.0,92.0,41.3,394500.0,339666.6667,0.161432777,4.6,98.239,1255.84,-0.116010277,3.5631,-5.7564,1.7253
2001-06-01,1.17,47.8,2.5,1.0,1626000.0,92.6,43.2,395000.0,348333.3333,0.133971292,4.9,98.2159,1226.99,-0.156476007,3.194,-19.7479,-32.8358
2001-07-01,1.28,49.2,,,1598000.0,92.4,43.5,398000.0,356625.0,0.116018226,5.0,98.1716,1211.22,-0.153490257,2.7215,-10.1107,-5.7099
2001-08-01,1.21,54.3,,,1615000.0,91.5,46.3,398000.0,363729.1667,0.094220746,5.3,98.109,1133.58,-0.253039358,2.7215,-9.6678,-3.3415
2001-09-01,1.74,51.3,-1.6,0.5,1565000.0,81.8,46.2,443250.0,375666.6667,0.179902396,5.5,98.0685,1040.9,-0.275381488,2.5922,-17.9167,-21.8316
2001-10-01,1.86,38.9,,,1566000.0,82.7,40.8,480750.0,390645.8333,0.230654365,5.7,98.1196,1059.78,-0.258578834,2.1277,-7.8578,15.3618
2001-11-01,1.94,49.1,,,1651000.0,83.9,44.1,447500.0,400083.3333,0.118516976,5.7,98.2881,1139.45,-0.133465151,1.8944,-13.5069,-12.5593
2001-12-01,2.0,51.4,1.1,0.2,1680000.0,88.8,45.3,404750.0,404812.5,-0.000154392,5.7,98.5531,1148.16,-0.13051117,1.6037,-12.3795,-12.035
2002-01-01,1.91,55.2,,,1665000.0,93.0,47.5,408500.0,410520.8333,-0.004922608,5.7,98.8601,1130.18,-0.172641489,1.1959,-7.7557,9.4318
2002-02-01,1.82,60.7,,,1787000.0,90.7,50.7,399000.0,412833.3333,-0.033508276,5.9,99.1514,1106.74,-0.107424553,1.1364,-4.3655,15.8007
2002-03-01,1.7,63.8,3.4,1.3,1691000.0,95.7,52.4,421250.0,415604.1667,0.013584641,5.8,99.3707,1147.39,-0.011160522,1.3629,-7.8789,-6.0733
2002-04-01,1.87,59.9,,,1669000.0,93.0,52.4,429250.0,418312.5,0.02614672,5.8,99.4623,1076.87,-0.138145469,1.644,0.0012,3.761
2002-05-01,1.86,61.8,,,1716000.0,96.9,53.1,409000.0,419520.8333,-0.025078214,5.8,99.4062,1067.18,-0.150226143,1.2408,-3.3165,0.6183
2002-06-01,1.96,61.2,2.5,1.3,1758000.0,92.4,53.6,389500.0,419062.5,-0.07054437,5.7,99.2112,989.44,-0.19360386,1.0692,-5.8293,-4.5595
2002-07-01,2.28,51.9,,,1738000.0,88.1,50.2,386000.0,418062.5,-0.076693078,5.7,98.9299,911.62,-0.247353908,1.4656,2.4411,18.444
2002-08-01,2.0,50.6,,,1695000.0,87.6,50.3,395000.0,417812.5,-0.05459985,5.7,98.6292,916.08,-0.191870005,1.7475,3.896,24.0795
2002-09-01,1.91,52.9,1.6,2.2,1803000.0,86.1,50.5,409500.0,415000.0,-0.013253012,5.9,98.3501,815.26,-0.216773946,1.516,1.6542,10.1956
2002-10-01,2.25,52.1,,,1799000.0,80.6,49.0,407500.0,408895.8333,-0.003413665,6.0,98.1302,885.76,-0.164203891,2.027,-1.3968,-6.9054
2002-11-01,2.14,49.9,,,1771000.0,84.2,48.5,389000.0,404020.8333,-0.037178363,5.8,97.9846,936.31,-0.178278994,2.2535,3.7922,13.7822
2002-12-01,2.22,58.7,0.5,2.0,1896000.0,86.7,51.6,414250.0,404812.5,0.023313262,5.9,97.8866,879.82,-0.233713071,2.4803,-0.8118,2.724
2003-01-01,2.28,58.2,,,1808000.0,82.4,51.3,395000.0,403687.5,-0.021520359,5.9,97.8147,855.7,-0.242863969,2.7575,4.0839,9.442
2003-02-01,2.18,51.9,,,1854000.0,79.9,48.8,411000.0,404687.5,0.015598456,6.0,97.7796,841.15,-0.239975062,3.1461,0.9901,-1.1628
2003-03-01,2.32,47.2,2.1,1.7,1757000.0,77.6,46.3,425250.0,405020.8333,0.04994599,6.1,97.8133,848.12,-0.260826746,3.0252,2.6166,3.9811
2003-04-01,2.38,47.2,,,1803000.0,86.0,46.1,436250.0,405604.1667,0.075556012,6.3,97.9432,916.92,-0.148532321,2.1751,-1.4576,2.5562
2003-05-01,2.04,53.4,,,1835000.0,92.1,49.0,423000.0,406770.8333,0.039897567,6.2,98.1647,963.59,-0.097068911,1.8942,-0.1815,6.413
2003-06-01,2.22,53.6,3.6,2.0,1875000.0,89.7,49.0,421750.0,409458.3333,0.030019334,6.1,98.4512,974.5,-0.01509945,1.9488,4.4782,14.1396
2003-07-01,2.69,56.8,,,1885000.0,90.9,51.0,411500.0,411583.3333,-0.00020247,6.1,98.7885,990.31,0.086318861,2.0556,-0.552,-3.8123
2003-08-01,2.5,61.1,,,1966000.0,89.3,53.2,400000.0,412000.0,-0.029126214,6.0,99.1656,1008.03,0.10037333,2.2161,-2.3046,-11.6006
2003-09-01,2.46,60.8,6.8,3.2,1961000.0,87.7,52.4,395500.0,410833.3333,-0.037322515,5.8,99.5703,995.95,0.221634816,2.3783,7.1039,13.8575
2003-10-01,2.48,64.4,,,2012000.0,89.6,55.2,382000.0,408708.3333,-0.06534815,5.7,99.9807,1050.71,0.186224259,2.0419,8.6145,11.4245
2003-11-01,2.28,69.1,,,1918000.0,93.7,58.4,363000.0,406541.6667,-0.107102593,5.7,100.3636,1058.2,0.130181243,1.9284,6.8591,6.5208
2003-12-01,2.43,71.3,4.7,4.3,1987000.0,92.6,60.1,358250.0,401875.0,-0.108553655,5.6,100.6853,1111.92,0.26380396,2.0352,10.7043,17.6678
2004-01-01,2.32,70.6,,,1952000.0,103.8,60.8,361250.0,399062.5,-0.094753328,5.8,100.9283,1131.13,0.321876826,2.0263,5.119,1.9914
2004-02-01,2.33,66.5,,,1966000.0,94.4,59.9,360750.0,394875.0,-0.086419753,5.6,101.0741,1144.94,0.361160316,1.6885,4.3357,3.2795
2004-03-01,2.26,64.6,2.3,4.3,2066000.0,95.8,60.6,342000.0,387937.5,-0.118414693,5.6,101.1391,1126.21,0.327889921,1.7401,10.8125,7.0591
2004-04-01,2.22,67.1,,,2070000.0,94.2,60.6,348250.0,380604.1667,-0.08500739,5.6,101.1377,1107.24,0.207564455,2.2926,8.87,3.8436
2004-05-01,2.12,64.5,,,2150000.0,90.2,61.4,339250.0,373625.0,-0.092004015,5.5,101.0914,1120.64,0.162984257,2.8978,6.947,-1.0174
2004-06-01,1.92,60.9,3.1,4.2,2020000.0,95.6,60.5,349000.0,367562.5,-0.050501615,5.4,101.0101,1140.75,0.170600308,3.1677,6.9928,2.3195
2004-07-01,1.82,62.8,,,2112000.0,96.7,59.9,347250.0,362208.3333,-0.041297596,5.4,100.9005,1101.72,0.112500126,2.9396,7.7977,7.0411
2004-08-01,1.72,62.1,,,2056000.0,95.9,58.5,340750.0,357270.8333,-0.046241763,5.5,100.7794,1104.24,0.095443588,2.5474,6.1742,0.3163
2004-09-01,1.51,57.7,3.8,3.5,2041000.0,94.2,57.4,337250.0,352416.6667,-0.043036179,5.4,100.6737,1114.58,0.119112405,2.5392,5.4586,-2.3868
2004-10-01,1.49,58.4,,,2097000.0,91.7,56.3,333750.0,348395.8333,-0.042037912,5.4,100.6021,1130.2,0.075653606,3.1909,0.8073,-9.4003
2004-11-01,1.34,60.1,,,2079000.0,92.8,56.2,328750.0,345541.6667,-0.048595201,5.3,100.5729,1173.82,0.109261009,3.6216,5.9774,3.3359
2004-12-01,1.16,66.3,4.1,3.4,2082000.0,97.1,57.2,325250.0,342791.6667,-0.051172967,5.4,100.5593,1211.92,0.089934528,3.3423,6.6469,-0.1993
2005-01-01,0.85,57.9,,,2139000.0,95.5,56.8,340250.0,341041.6667,-0.002321319,5.2,100.5252,1181.27,0.044327354,2.8449,9.0539,3.7427
2005-02-01,0.77,55.9,,,2114000.0,94.1,55.5,311750.0,336958.3333,-0.074811426,5.2,100.4638,1210.41,0.057182036,3.053,8.1542,-0.8902
2005-03-01,0.7,57.7,4.5,3.9,2062000.0,92.6,55.2,332000.0,336125.0,-0.01227222,5.1,100.3861,1180.59,0.048285844,3.2068,-2.2324,-15.9158
2005-04-01,0.55,53.4,,,2150000.0,87.7,52.2,320250.0,333791.6667,-0.040569217,5.0,100.3287,1156.85,0.044805101,3.3618,5.6837,2.0758
2005-05-01,0.4,51.8,,,2085000.0,86.9,50.8,327000.0,332770.8333,-0.017341764,5.0,100.3171,1191.5,0.063231725,2.8693,12.6263,26.6803
2005-06-01,0.28,55.7,2.0,3.6,2178000.0,96.0,52.4,325750.0,330833.3333,-0.015365239,4.9,100.3494,1191.33,0.04433925,2.541,13.1329,20.4916
2005-07-01,0.26,57.2,,,2203000.0,96.5,52.8,323750.0,328875.0,-0.015583428,5.0,100.401,1234.18,0.120230186,3.0672,4.0892,-0.8205
2005-08-01,0.18,57.8,,,2219000.0,89.1,52.4,315750.0,326791.6667,-0.033788091,5.0,100.4752,1220.33,0.105131131,3.6469,11.4904,15.925
2005-09-01,0.16,60.9,3.2,3.5,2263000.0,76.9,56.8,382750.0,330583.3333,0.157801865,5.0,100.5848,1228.81,0.102487035,4.7418,8.2534,7.4425
2005-10-01,0.17,61.4,,,2170000.0,74.2,57.2,344250.0,331458.3333,0.03859208,4.9,100.7397,1207.01,0.067961423,4.3501,13.3454,21.07
2005-11-01,0.07,61.2,,,2218000.0,81.6,56.7,317250.0,330500.0,-0.040090772,4.7,100.9244,1249.48,0.06445622,3.3386,14.6397,24.4202
2005-12-01,-0.02,60.1,2.2,3.0,2120000.0,91.5,55.1,315250.0,329666.6667,-0.043731041,4.8,101.0993,1248.29,0.030010232,3.3386,14.4236,30.1253
2006-01-01,-0.01,58.9,,,2212000.0,91.2,55.0,295750.0,325958.3333,-0.092675444,4.7,101.2339,1280.08,0.083647261,4.0188,7.5253,1.8125
2006-02-01,-0.14,61.0,,,2141000.0,86.7,55.8,290750.0,324208.3333,-0.103200103,4.7,101.3187,1280.66,0.058038185,3.6383,11.8402,20.2016
2006-03-01,0.04,57.0,5.5,3.2,2118000.0,88.9,54.3,301750.0,321687.5,-0.061977851,4.6,101.3479,1294.82,0.096756706,3.4179,21.7461,48.5421
2006-04-01,0.2,55.7,,,1998000.0,87.4,55.2,306750.0,320562.5,-0.043088321,4.6,101.3182,1310.61,0.132912651,3.6138,10.1505,8.8394
2006-05-01,0.08,54.9,,,1905000.0,79.1,53.7,332750.0,321041.6667,0.036469825,4.7,101.2544,1270.09,0.065958875,3.9773,4.4506,-10.366
2006-06-01,-0.01,55.0,1.0,3.0,1867000.0,84.9,52.0,305500.0,319354.1667,-0.043381825,4.7,101.1955,1270.2,0.066203319,4.1817,5.3328,-3.5578
2006-07-01,0.02,55.8,,,1763000.0,84.7,53.0,319500.0,319000.0,0.001567398,4.5,101.1611,1276.66,0.034419615,4.1047,7.7228,-3.5401
2006-08-01,-0.05,55.3,,,1722000.0,82.0,53.7,314250.0,318875.0,-0.014504116,4.4,101.1726,1303.82,0.06841592,3.9266,2.7505,-3.0243
2006-09-01,-0.07,54.8,0.6,2.3,1655000.0,85.4,52.2,316500.0,313354.1667,0.010039226,4.5,101.2363,1335.85,0.087108666,2.0121,15.0512,34.2809
2006-10-01,-0.1,54.1,,,1570000.0,93.6,51.4,315500.0,310958.3333,0.014605387,4.4,101.3318,1377.94,0.141614403,1.4063,3.3592,-1.1889
2006-11-01,-0.16,50.8,,,1535000.0,92.1,50.3,326250.0,311708.3333,0.046651517,4.6,101.4461,1400.63,0.120970324,1.9687,1.8466,-1.9026
2006-12-01,-0.11,51.4,3.5,2.6,1638000.0,91.7,51.4,323250.0,312375.0,0.034813926,4.5,101.5692,1418.3,0.136194314,2.524,3.4962,-3.9418
2007-01-01,-0.11,55.5,,,1626000.0,96.9,50.4,317250.0,314166.6667,0.009814324,4.4,101.6892,1438.24,0.123554778,2.0758,6.4088,18.7414
2007-02-01,-0.09,59.1,,,1598000.0,91.3,54.1,322750.0,316833.3333,0.018674382,4.5,101.8069,1406.82,0.098511705,2.4203,0.557,-4.511
2007-03-01,0.07,56.0,1.2,1.6,1596000.0,88.4,52.8,306750.0,317250.0,-0.033096927,4.4,101.9288,1420.86,0.097341715,2.7982,1.0291,-1.0829
2007-04-01,0.03,57.1,,,1470000.0,87.1,52.7,320250.0,318375.0,0.005889282,4.6,102.0444,1482.37,0.131053479,2.5929,8.7571,18.488
2007-05-01,-0.02,57.0,,,1493000.0,88.3,53.1,304250.0,316000.0,-0.037183544,4.7,102.1324,1530.62,0.205127196,2.7099,6.0314,13.2319
2007-06-01,0.16,58.4,2.5,1.9,1407000.0,85.3,54.0,315750.0,316854.1667,-0.003484779,4.6,102.1784,1503.35,0.183553771,2.6928,3.4572,12.0108
2007-07-01,0.22,57.5,,,1361000.0,90.4,51.8,313250.0,316333.3333,-0.009747102,4.7,102.1661,1455.27,0.139904125,2.3179,11.3044,35.4049
2007-08-01,0.39,56.1,,,1321000.0,83.4,52.2,320000.0,316812.5,0.010061156,4.7,102.0923,1473.99,0.130516482,1.8975,12.0134,29.6003
2007-09-01,0.62,59.4,2.3,2.4,1261000.0,83.4,53.8,313250.0,316541.6667,-0.010398842,4.7,101.9849,1526.75,0.142905266,2.8338,-3.5057,-14.7949
2007-10-01,0.54,55.8,,,1192000.0,80.9,52.8,328250.0,317604.1667,0.033519187,5.0,101.8645,1549.38,0.124417609,3.6107,6.3369,11.7527
2007-11-01,0.93,53.1,,,1224000.0,76.1,51.5,336000.0,318416.6667,0.055221146,5.0,101.7364,1481.14,0.057481276,4.3733,0.9768,-6.1368
2007-12-01,0.99,49.9,2.5,2.1,1149000.0,75.5,50.1,349250.0,320583.3333,0.089420328,4.9,101.6128,1468.36,0.035295777,4.1088,6.6305,14.6995
2008-01-01,1.5,49.5,,,1094000.0,78.4,50.9,338750.0,322375.0,0.050794882,5.1,101.4839,1378.55,-0.041502114,4.2947,7.3643,7.4849
2008-02-01,1.88,50.5,,,1014000.0,70.8,48.8,346750.0,324375.0,0.068978805,5.0,101.338,1330.63,-0.054157604,4.143,6.3699,12.5222
2008-03-01,1.83,49.2,-1.7,1.4,967000.0,69.5,49.7,368000.0,329479.1667,0.116914322,5.4,101.177,1322.7,-0.06908492,3.9749,2.3274,-3.0819
2008-04-01,1.48,46.2,,,1008000.0,62.6,48.5,359500.0,332750.0,0.080390684,5.6,100.9759,1385.59,-0.065287344,3.9038,-0.9999,-14.1058
2008-05-01,1.4,47.9,,,995000.0,59.8,48.9,366000.0,337895.8333,0.083174055,5.8,100.7007,1400.38,-0.085089702,4.0884,-0.6406,-10.6558
2008-06-01,1.36,49.5,2.4,1.4,1180000.0,56.4,49.9,383250.0,343520.8333,0.115652859,6.1,100.312,1280.0,-0.148568198,4.936,0.1722,-15.692
2008-07-01,1.47,48.4,,,921000.0,61.2,50.8,398000.0,350583.3333,0.135250773,6.1,99.7756,1267.38,-0.129110062,5.4975,-5.4744,-23.9409
2008-08-01,1.47,48.6,,,858000.0,63.0,50.1,429250.0,359687.5,0.193397046,6.5,99.0771,1282.83,-0.129688804,5.308,-9.184,-26.2624
2008-09-01,1.85,45.1,-2.1,0.3,797000.0,70.3,47.2,464000.0,372250.0,0.246474144,6.8,98.2315,1166.36,-0.236050434,4.9533,-4.9578,-10.1327
2008-10-01,2.45,32.0,,,736000.0,57.6,38.2,475250.0,384500.0,0.236020806,7.3,97.302,968.75,-0.3747499,3.7311,-16.8132,-28.1933
2008-11-01,1.93,34.5,,,626000.0,55.3,39.0,527250.0,400437.5,0.316684876,7.8,96.4119,896.24,-0.394898524,1.0999,-20.0229,-35.6352
2008-12-01,1.49,25.9,-8.5,-2.5,554000.0,60.1,34.5,564000.0,418333.3333,0.348207171,8.3,95.6625,903.25,-0.384857937,-0.0222,-28.8795,-43.4492
2009-01-01,1.93,32.5,,,545000.0,61.2,36.4,589250.0,439208.3333,0.341618442,8.7,95.1181,825.88,-0.40090675,-0.1136,-36.8872,-51.6717
2009-02-01,2.02,32.7,,,558000.0,56.3,36.6,644000.0,463979.1667,0.387993355,9.0,94.8162,735.09,-0.447562433,0.0085,-36.6764,-56.4644
2009-03-01,1.9,41.3,-4.5,-3.2,513000.0,57.3,37.2,659250.0,488250.0,0.350230415,9.4,94.7741,797.87,-0.396786875,-0.4465,-37.6999,-53.4499
2009-04-01,2.25,46.0,,,521000.0,65.1,39.9,627750.0,510604.1667,0.229425925,9.5,94.9814,872.81,-0.370080615,-0.5763,-36.1852,-42.2027
2009-05-01,2.55,51.0,,,556000.0,68.7,44.1,614500.0,531312.5,0.156569815,9.5,95.3695,919.14,-0.343649581,-1.0158,-34.3559,-42.4048
2009-06-01,2.42,49.0,-0.7,-4.0,601000.0,70.8,46.3,598250.0,549229.1667,0.089253879,9.6,95.8673,919.32,-0.28178125,-1.2292,-35.8668,-49.636
2009-07-01,2.39,56.6,,,595000.0,66.0,49.7,566500.0,563270.8333,0.005732885,9.8,96.4119,987.48,-0.220849311,-1.9588,-30.2707,-38.079
2009-08-01,2.43,64.1,,,616000.0,65.7,53.4,560250.0,574187.5,-0.02427343,10.0,96.9626,1020.62,-0.204399648,-1.4838,-26.4434,-29.5138
2009-09-01,2.36,64.7,1.4,-3.1,609000.0,73.5,54.9,547500.0,581145.8333,-0.05789568,9.9,97.4896,1057.08,-0.093693199,-1.3779,-26.5762,-41.7991
2009-10-01,2.51,57.7,,,583000.0,70.6,57.6,523500.0,585166.6667,-0.105383082,9.9,97.9776,1036.19,0.069615484,-0.224,-16.0568,-23.65
2009-11-01,2.54,64.2,,,623000.0,67.4,55.4,494000.0,582395.8333,-0.151779646,9.8,98.4261,1095.63,0.222473891,1.9146,-11.6402,-12.0543
2009-12-01,2.71,63.8,4.4,0.1,664000.0,72.5,55.8,485500.0,575854.1667,-0.156904598,9.8,98.8382,1115.1,0.234541932,2.8141,-7.667,-21.3394
2010-01-01,2.81,59.9,,,636000.0,74.4,56.3,485750.0,567229.1667,-0.143644177,9.9,99.1937,1073.87,0.300273648,2.6211,19.8107,49.3179
2010-02-01,2.8,57.7,,,650000.0,73.6,55.5,485750.0,554041.6667,-0.123260886,9.9,99.4574,1104.49,0.502523501,2.1513,21.2425,60.1787
2010-03-01,2.82,60.1,1.9,1.8,687000.0,73.6,58.8,470250.0,538291.6667,-0.126402972,9.6,99.6332,1169.43,0.465689899,2.2862,24.4835,43.325
2010-04-01,2.72,64.0,,,637000.0,72.2,58.1,469000.0,525062.5,-0.106773003,9.4,99.7043,1186.68,0.35960862,2.2068,24.0603,40.3787
2010-05-01,2.55,61.3,,,575000.0,73.6,57.4,461500.0,512312.5,-0.099182628,9.4,99.6812,1089.41,0.185249255,2.0036,27.2534,46.651
2010-06-01,2.36,58.6,3.9,2.9,587000.0,76.0,56.5,460500.0,500833.3333,-0.080532446,9.5,99.6037,1030.71,0.121165644,1.1216,26.2757,53.547
2010-07-01,2.39,54.7,,,579000.0,67.8,56.1,460500.0,492000.0,-0.06402439,9.5,99.5369,1101.6,0.115566898,1.3408,22.0019,46.8627
2010-08-01,2.0,54.0,,,580000.0,68.9,56.4,475000.0,484895.8333,-0.020408163,9.4,99.5312,1049.33,0.02812996,1.1502,21.7514,35.4549
2010-09-01,2.11,51.9,3.1,3.3,563000.0,68.2,55.3,453500.0,477062.5,-0.049390803,9.8,99.5987,1141.2,0.079577705,1.1183,27.7719,74.1271
2010-10-01,2.29,57.8,,,558000.0,67.7,56.9,447000.0,470687.5,-0.050325322,9.3,99.7272,1183.26,0.141933429,1.1667,19.8446,50.6911
2010-11-01,2.36,58.3,,,560000.0,71.6,57.3,426250.0,465041.6667,-0.083415465,9.1,99.9074,1180.55,0.077507918,1.0845,22.9293,44.5139
2010-12-01,2.69,59.6,2.1,2.8,632000.0,74.5,56.6,420250.0,459604.1667,-0.085626218,9.0,100.0999,1257.64,0.127827101,1.4378,20.5158,36.4067
2011-01-01,2.84,64.5,,,576000.0,74.2,59.1,430250.0,454979.1667,-0.054352306,9.0,100.2637,1286.12,0.197649622,1.7008,12.4961,12.1648
2011-02-01,2.73,64.2,,,542000.0,77.5,59.2,401500.0,447958.3333,-0.103711283,9.1,100.3635,1327.22,0.201658684,2.1249,8.8351,7.1495
2011-03-01,2.67,61.3,-0.9,2.0,583000.0,67.5,58.4,406000.0,442604.1667,-0.082701812,9.0,100.3631,1325.83,0.133740369,2.6192,16.7995,41.2741
2011-04-01,2.71,61.1,,,581000.0,69.8,57.9,427000.0,439104.1667,-0.027565593,9.1,100.2597,1363.61,0.149096639,3.0772,9.7213,10.8034
2011-05-01,2.6,54.6,,,618000.0,74.3,54.8,422500.0,435854.1667,-0.030639071,9.0,100.0649,1345.2,0.234796817,3.459,9.0759,14.4484
2011-06-01,2.73,54.6,2.7,1.7,636000.0,71.5,55.8,418250.0,432333.3333,-0.032575173,9.0,99.801,1320.64,0.281291537,3.5023,8.5702,14.3288
2011-07-01,2.46,56.9,,,621000.0,63.7,52.9,411250.0,428229.1667,-0.03964972,9.0,99.5172,1292.28,0.173093682,3.5799,10.1074,10.8061
2011-08-01,2.03,52.9,,,647000.0,55.8,52.6,409500.0,422770.8333,-0.031390135,8.8,99.2766,1218.89,0.161588823,3.755,13.0173,26.6358
2011-09-01,1.67,51.8,-0.1,0.9,610000.0,59.5,53.7,417750.0,419791.6667,-0.004863524,8.6,99.1483,1131.42,-0.008569926,3.8126,1.3896,-10.5338
2011-10-01,1.92,52.0,,,671000.0,60.8,51.4,401750.0,416020.8333,-0.03430317,8.5,99.1638,1253.3,0.059192401,3.5223,9.1849,1.0624
2011-11-01,1.83,54.9,,,706000.0,63.7,51.8,389250.0,412937.5,-0.057363402,8.3,99.3038,1246.96,0.056253441,3.4514,9.2945,18.8778
2011-12-01,1.64,55.4,4.6,1.5,697000.0,69.9,53.0,374500.0,409125.0,-0.084631836,8.3,99.5171,1257.6,-3.18056E-05,3.0621,15.7057,40.2104
2012-01-01,1.61,60.0,,,712000.0,75.0,54.2,377750.0,404750.0,-0.066707844,8.2,99.7309,1312.41,0.020441327,3.0088,11.1272,22.0941
2012-02-01,1.68,58.3,,,738000.0,75.3,53.3,363250.0,401562.5,-0.09540856,8.2,99.8806,1365.68,0.028977864,2.8982,15.4741,31.3815
2012-03-01,1.9,57.0,3.4,2.6,806000.0,76.2,53.5,364500.0,398104.1667,-0.084410487,8.2,99.9393,1408.47,0.062330766,2.5829,4.2214,1.719
2012-04-01,1.68,59.2,,,732000.0,76.4,55.2,381750.0,394333.3333,-0.031910397,8.2,99.9105,1397.91,0.02515382,2.2732,8.8237,16.9437
2012-05-01,1.32,58.2,,,796000.0,79.3,53.2,373500.0,390250.0,-0.042921204,8.2,99.8176,1310.33,-0.025921796,1.7379,5.9449,12.8483
2012-06-01,1.34,47.3,1.8,2.4,794000.0,73.2,49.5,379750.0,387041.6667,-0.018839488,8.1,99.7013,1362.16,0.031439302,1.6539,8.1115,26.7235
2012-07-01,1.28,47.8,,,849000.0,72.3,49.6,372500.0,383812.5,-0.029474027,7.8,99.6124,1379.32,0.067353824,1.4175,7.9401,32.1528
2012-08-01,1.35,45.1,,,840000.0,74.3,49.0,373250.0,380791.6667,-0.01980523,7.8,99.5778,1406.58,0.153984363,1.6859,-7.5217,-16.1337
2012-09-01,1.42,52.2,0.6,2.6,930000.0,78.3,50.8,384500.0,378020.8333,0.017139708,7.7,99.6108,1440.67,0.273329091,1.9497,5.9227,29.5109
2012-10-01,1.42,51.8,,,887000.0,82.6,50.5,368500.0,375250.0,-0.017988008,7.9,99.6851,1412.16,0.126753371,2.1557,3.5845,20.0439
2012-11-01,1.37,47.9,,,917000.0,82.7,48.0,401250.0,376250.0,0.066445183,8.0,99.7828,1416.18,0.135706037,1.796,0.7632,6.8891
2012-12-01,1.53,48.3,0.5,1.6,941000.0,72.9,50.1,355000.0,374625.0,-0.052385719,7.7,99.9062,1426.19,0.134056934,1.7595,3.2765,22.528
2013-01-01,1.75,54.9,,,940000.0,73.8,53.3,353000.0,372562.5,-0.052507968,7.5,100.0493,1498.11,0.141495417,1.6841,-1.4282,-3.509
2013-02-01,1.64,58.9,,,980000.0,77.6,54.2,353000.0,371708.3333,-0.05033068,7.6,100.1948,1514.68,0.109103157,2.0181,3.3786,16.9844
2013-03-01,1.62,52.3,4.0,1.7,936000.0,78.6,51.9,354750.0,370895.8333,-0.043531989,7.5,100.3165,1569.19,0.114109637,1.5188,-1.9163,4.8801
2013-04-01,1.48,53.0,,,1012000.0,76.4,51.0,347250.0,368020.8333,-0.056439287,7.5,100.43,1597.57,0.142827507,1.1388,3.6723,14.4231
2013-05-01,1.86,52.1,,,1003000.0,84.5,50.8,347750.0,365875.0,-0.049538777,7.3,100.5424,1630.74,0.244526188,1.3904,7.9531,26.122
2013-06-01,2.16,52.0,1.1,1.5,942000.0,84.1,51.1,344250.0,362916.6667,-0.051435132,7.2,100.6317,1606.28,0.179215364,1.7158,13.1405,36.5678
2013-07-01,2.29,56.4,,,997000.0,85.1,53.8,346000.0,360708.3333,-0.04077625,7.2,100.6867,1685.73,0.222145695,1.8855,-0.9064,-6.0382
2013-08-01,2.39,58.0,,,964000.0,82.1,54.0,332000.0,357270.8333,-0.070732987,7.2,100.7202,1632.97,0.160950675,1.5388,12.1334,33.5269
2013-09-01,2.31,60.2,3.5,2.2,1004000.0,77.5,54.6,314000.0,351395.8333,-0.106420822,6.9,100.7351,1681.55,0.167199983,1.0947,9.5124,23.1912
2013-10-01,2.26,57.4,,,1044000.0,73.2,54.6,358500.0,350562.5,0.022642182,6.7,100.7404,1756.54,0.24386755,0.8768,6.1281,16.7211
2013-11-01,2.47,59.5,,,1029000.0,75.1,55.5,324750.0,344187.5,-0.056473579,6.6,100.7449,1805.81,0.275127456,1.2329,12.2735,32.8149
2013-12-01,2.66,63.9,3.5,3.0,1005000.0,82.5,56.5,346000.0,343437.5,0.007461328,6.7,100.7377,1848.36,0.296012453,1.5128,3.1631,6.3698
2014-01-01,2.33,54.6,,,976000.0,81.2,52.5,326750.0,341250.0,-0.042490842,6.7,100.7257,1782.59,0.189892598,1.5578,0.6612,2.9943
2014-02-01,2.33,58.6,,,1039000.0,81.6,55.0,335250.0,339770.8333,-0.013305537,6.2,100.7429,1859.45,0.227619035,1.1205,-1.3073,-5.8194
2014-03-01,2.29,58.8,-1.4,1.7,1067000.0,80.0,55.9,321500.0,337000.0,-0.045994065,6.3,100.7899,1872.34,0.193188843,1.6127,8.2789,15.2984
2014-04-01,2.25,57.3,,,1090000.0,84.1,56.6,322750.0,334958.3333,-0.036447319,6.1,100.8485,1883.95,0.179259751,2.0151,4.791,11.0868
2014-05-01,2.11,57.9,,,1018000.0,81.9,55.7,311000.0,331895.8333,-0.062959011,6.2,100.9005,1923.57,0.179568785,2.1669,-1.0479,-4.8857
2014-06-01,2.06,56.8,5.3,2.7,1010000.0,82.5,55.0,313500.0,329333.3333,-0.048076923,6.1,100.9389,1960.23,0.220353861,2.059,-3.6769,-14.9907
2014-07-01,2.05,57.4,,,1076000.0,81.8,55.1,301750.0,325645.8333,-0.073379822,5.9,100.9583,1930.67,0.145302035,1.9742,35.9021,102.1164
2014-08-01,1.87,60.1,,,1047000.0,82.5,56.3,303750.0,323291.6667,-0.060445934,5.7,100.9602,2003.37,0.226825967,1.7151,5.1971,4.9882
2014-09-01,1.94,58.9,5.0,3.1,1077000.0,84.6,55.7,295000.0,321708.3333,-0.083020334,5.8,100.9466,1972.29,0.172900003,1.6841,-0.5815,-11.4077
2014-10-01,1.85,59.8,,,1094000.0,86.9,56.2,288750.0,315895.8333,-0.085932863,5.6,100.9145,2018.05,0.148877908,1.6095,0.5765,-3.1807
2014-11-01,1.71,61.6,,,1059000.0,88.8,56.3,294500.0,313375.0,-0.060231352,5.7,100.8646,2067.56,0.144948804,1.2315,-6.1945,-14.5657
2014-12-01,1.5,58.2,2.0,2.7,1072000.0,93.6,55.7,284500.0,308250.0,-0.077047851,5.5,100.792,2058.9,0.113906382,0.6531,-5.6093,-17.4006
2015-01-01,1.21,54.7,,,1049000.0,98.1,54.0,286000.0,304854.1667,-0.061846511,5.4,100.6982,1994.99,0.119152469,-0.2299,0.5349,6.4314
2015-02-01,1.37,54.3,,,1127000.0,95.4,53.1,301250.0,302020.8333,-0.002552252,5.4,100.5903,2104.5,0.131786281,-0.087,-6.0762,-11.2468
2015-03-01,1.38,53.1,3.6,4.0,1072000.0,93.0,52.3,284000.0,298895.8333,-0.049836203,5.6,100.4785,2067.89,0.104441501,-0.022,-2.2715,0.8198
2015-04-01,1.47,53.7,,,1166000.0,95.9,52.1,286000.0,295833.3333,-0.033239437,5.3,100.3677,2085.51,0.106987977,-0.104,-4.9137,-7.1013
2015-05-01,1.51,52.8,,,1272000.0,90.7,52.7,275750.0,292895.8333,-0.058539014,5.2,100.2512,2107.39,0.095561898,0.035,-6.8852,-10.4972
2015-06-01,1.71,53.8,2.5,3.3,1379000.0,96.1,52.6,273750.0,289583.3333,-0.054676259,5.1,100.1245,2063.11,0.052483637,0.1796,-3.6012,0.1338
2015-07-01,1.53,52.6,,,1140000.0,93.1,51.9,277750.0,287583.3333,-0.034192988,5.0,99.966,2103.84,0.089694251,0.2257,-23.9132,-43.9019
2015-08-01,1.47,51.2,,,1165000.0,91.9,50.0,276500.0,285312.5,-0.030887185,5.0,99.7879,1972.18,-0.015568767,0.2413,-5.9497,-6.1375
2015-09-01,1.42,50.2,1.6,2.5,1144000.0,87.2,50.0,269500.0,283187.5,-0.048333701,5.1,99.6159,1920.03,-0.026497118,0.0088,-7.7794,-9.295
2015-10-01,1.41,51.7,,,1160000.0,90.0,49.0,267000.0,281375.0,-0.051088405,5.0,99.4737,2079.36,0.030380813,0.1276,-2.8124,1.7802
2015-11-01,1.27,50.6,,,1244000.0,91.3,49.1,268500.0,279208.3333,-0.038352485,4.8,99.3536,2080.41,0.006215055,0.4363,-1.9272,1.8368
2015-12-01,1.21,49.5,0.7,2.1,1211000.0,92.6,48.8,271000.0,278083.3333,-0.025471981,4.9,99.2489,2043.94,-0.007266016,0.6387,-3.3469,1.3617
2016-01-01,1.18,49.6,,,1171000.0,92.0,47.5,281250.0,277687.5,0.012829169,5.0,99.1636,1940.24,-0.027443747,1.2375,1.4366,8.2971
2016-02-01,0.96,52.4,,,1172000.0,91.7,49.2,266750.0,274812.5,-0.029338185,5.1,99.1055,1932.23,-0.081857923,0.8473,-0.2434,4.3778
2016-03-01,1.05,55.4,2.3,1.8,1118000.0,91.0,51.4,263250.0,273083.3333,-0.036008544,4.8,99.0851,2059.74,-0.003941215,0.8916,-5.1048,-6.7933
2016-04-01,1.06,54.8,,,1160000.0,89.0,51.0,264250.0,271270.8333,-0.025881269,4.9,99.0844,2065.3,-0.009690675,1.1726,1.8528,10.281
2016-05-01,0.97,55.4,,,1205000.0,94.7,51.3,274500.0,271166.6667,0.012292563,4.8,99.0877,2096.96,-0.00494925,1.0785,2.1991,11.3165
2016-06-01,0.91,56.9,1.3,1.5,1208000.0,93.5,52.4,265250.0,270458.3333,-0.019257433,4.9,99.0893,2098.86,0.017328208,1.0793,-9.6258,-18.3975
2016-07-01,0.79,55.3,,,1198000.0,90.0,52.4,260500.0,269020.8333,-0.031673507,5.0,99.1075,2173.6,0.033158415,0.8684,-5.3392,-9.8012
2016-08-01,0.78,50.9,,,1201000.0,89.8,49.7,263500.0,267937.5,-0.016561698,4.9,99.1554,2170.95,0.100786946,1.0553,-2.1369,-0.91
2016-09-01,0.83,53.4,2.9,1.8,1303000.0,91.2,51.0,251500.0,266437.5,-0.056063805,4.7,99.2465,2168.27,0.129289647,1.5486,-0.1598,6.2003
2016-10-01,0.98,54.3,,,1254000.0,87.2,51.8,258500.0,265729.1667,-0.027205018,4.7,99.3757,2126.15,0.022502116,1.6859,3.0656,11.8117
2016-11-01,1.26,55.4,,,1230000.0,93.8,53.3,245750.0,263833.3333,-0.068540745,4.7,99.5259,2198.81,0.056911859,1.6843,-3.5512,-8.3664
2016-12-01,1.25,58.6,2.2,2.2,1248000.0,98.2,54.2,253250.0,262354.1667,-0.034701818,4.6,99.6751,2238.83,0.095350157,2.0508,0.8986,1.4071
2017-01-01,1.26,60.0,,,1303000.0,98.5,55.7,244000.0,259250.0,-0.058823529,4.4,99.7937,2278.87,0.174529955,2.5104,-4.2383,-12.0551
2017-02-01,1.14,64.1,,,1234000.0,96.3,57.7,230250.0,256208.3333,-0.101317287,4.4,99.8706,2363.64,0.223270522,2.8104,2.1781,2.8815
2017-03-01,1.13,62.0,2.0,2.1,1272000.0,96.9,56.8,233750.0,253750.0,-0.078817734,4.4,99.906,2362.72,0.147096235,2.4412,2.0862,-1.1973
2017-04-01,1.01,57.4,,,1251000.0,97.0,55.7,230750.0,250958.3333,-0.080524655,4.3,99.9165,2384.2,0.15440856,2.1762,-2.4744,-10.4906
2017-05-01,0.93,61.6,,,1208000.0,97.1,56.4,239000.0,248000.0,-0.036290323,4.3,99.923,2411.8,0.150141157,1.8563,-0.3698,-7.8752
2017-06-01,0.93,60.3,2.3,2.3,1353000.0,95.0,56.1,248000.0,246562.5,0.005830165,4.4,99.9402,2423.41,0.154631562,1.6406,14.5329,37.0203
2017-07-01,0.96,61.6,,,1256000.0,93.4,56.5,249500.0,245645.8333,0.015689933,4.3,99.9746,2470.3,0.136501656,1.7251,0.7328,-5.6812
2017-08-01,0.79,60.9,,,1319000.0,96.8,58.5,247750.0,244333.3333,0.013983629,4.2,100.0514,2471.65,0.13851079,1.9281,1.7134,-3.9271
2017-09-01,0.86,64.2,3.2,2.4,1273000.0,95.1,59.9,266250.0,245562.5,0.084245355,4.2,100.1612,2519.36,0.161921716,2.1806,5.2374,2.2159
2017-10-01,0.78,64.0,,,1356000.0,100.7,58.6,242250.0,244208.3333,-0.008019109,4.1,100.291,2575.26,0.211231569,2.0208,-2.1965,-17.8546
2017-11-01,0.64,64.0,,,1299000.0,98.5,57.9,247750.0,244375.0,0.013810742,4.0,100.4222,2647.58,0.204096761,2.1725,6.4164,3.79
2017-12-01,0.51,65.7,4.6,3.0,1311000.0,95.9,59.2,243000.0,243520.8333,-0.002138763,4.1,100.5485,2673.61,0.194199649,2.1299,10.1064,13.435
2018-01-01,0.58,66.2,,,1317000.0,95.7,59.4,235250.0,242791.6667,-0.031062296,4.0,100.6715,2823.81,0.239127287,2.1513,4.0779,-1.6134
2018-02-01,0.62,64.1,,,1321000.0,99.7,60.8,221000.0,242020.8333,-0.08685547,4.0,100.782,2713.83,0.14815708,2.2635,6.9684,3.3366
2018-03-01,0.47,61.7,3.3,3.3,1385000.0,101.4,59.2,225250.0,241312.5,-0.066563067,3.8,100.85,2640.87,0.117724487,2.331,9.5984,12.9665
2018-04-01,0.46,63.2,,,1378000.0,98.8,58.6,221500.0,240541.6667,-0.079161614,4.0,100.87,2648.05,0.110666052,2.471,8.7986,6.5375
2018-05-01,0.43,63.2,,,1338000.0,98.0,58.9,221250.0,239062.5,-0.074509804,3.8,100.8532,2705.27,0.121680902,2.7819,9.3913,6.9723
2018-06-01,0.33,63.5,2.1,3.3,1345000.0,98.2,59.7,222500.0,236937.5,-0.060933791,3.8,100.8067,2718.37,0.121712793,2.8075,2.8686,-11.5551
2018-07-01,0.29,59.8,,,1334000.0,97.9,58.0,209500.0,233604.1667,-0.103183805,3.7,100.7328,2816.29,0.140059912,2.8541,8.2884,2.1356
2018-08-01,0.24,63.6,,,1273000.0,96.2,60.4,208500.0,230333.3333,-0.094790159,3.8,100.6339,2901.52,0.173920256,2.6429,11.0003,14.627
2018-09-01,0.24,61.9,2.5,3.1,1314000.0,100.1,59.5,206250.0,225333.3333,-0.084689349,3.8,100.4942,2913.98,0.156635018,2.3321,8.3813,9.8552
2018-10-01,0.28,59.3,,,1272000.0,98.6,58.3,213000.0,222895.8333,-0.044396673,3.9,100.308,2711.74,0.052996591,2.492,4.6292,0.3452
2018-11-01,0.21,60.7,,,1340000.0,97.5,58.7,225250.0,221020.8333,0.019134697,4.0,100.091,2760.17,0.042525627,2.1473,2.4736,-1.8781
2018-12-01,0.21,52.4,0.6,2.1,1317000.0,98.3,54.8,222750.0,219333.3333,0.015577508,3.8,99.8661,2506.85,-0.062372597,2.0024,0.6992,-5.9952
2019-01-01,0.18,56.7,,,1261000.0,91.2,55.7,222750.0,218291.6667,0.020423745,3.8,99.6556,2704.1,-0.042393079,1.4876,3.4883,2.4372
2019-02-01,0.21,54.9,,,1287000.0,93.8,54.2,222500.0,218416.6667,0.018695155,3.7,99.4776,2784.49,0.026037003,1.5189,-2.2114,-11.7516
2019-03-01,0.14,56.5,2.2,1.9,1305000.0,98.4,55.3,210750.0,217208.3333,-0.029733359,3.6,99.3342,2834.4,0.073282668,1.8832,-1.5871,-7.9076
2019-04-01,0.24,53.5,,,1311000.0,97.2,53.6,209750.0,216229.1667,-0.029964351,3.6,99.2049,2945.83,0.112452559,2.0006,-4.563,-14.9613
2019-05-01,0.19,52.5,,,1347000.0,100.0,52.2,218500.0,216000.0,0.011574074,3.7,99.0876,2752.06,0.017295871,1.7959,-7.6503,-21.5747
2019-06-01,0.25,50.7,3.4,2.2,1315000.0,98.2,51.3,225750.0,216270.8333,0.043830074,3.6,98.9856,2941.76,0.082177923,1.6712,-7.748,-22.1596
2019-07-01,0.13,51.2,,,1352000.0,98.4,51.0,208500.0,216187.5,-0.03555941,3.5,98.9037,2980.38,0.058264596,1.8263,-2.8967,-4.0717
2019-08-01,0.0,46.3,,,1489000.0,89.8,48.4,211750.0,216458.3333,-0.021751684,3.6,98.8511,2926.46,0.008595495,1.7376,-6.229,-15.639
2019-09-01,0.05,48.7,4.6,2.7,1474000.0,93.2,48.3,209500.0,216729.1667,-0.033355763,3.6,98.8542,2976.74,0.021537553,1.6845,-8.5362,-20.8731
2019-10-01,0.17,48.5,,,1525000.0,95.5,48.3,212250.0,216666.6667,-0.020384615,3.6,98.907,3037.56,0.120151637,1.734,-5.3097,-9.6045
2019-11-01,0.17,47.0,,,1527000.0,96.8,48.2,227000.0,216812.5,0.046987604,3.6,98.9864,3140.98,0.13796614,2.0923,-7.295,-18.6716
2019-12-01,0.34,47.5,2.6,3.2,1451000.0,99.3,47.7,236000.0,217916.6667,0.082982792,3.5,99.0612,3230.78,0.288780741,2.3195,-8.6836,-17.6263
2020-01-01,0.18,51.8,,,1507000.0,99.8,51.1,214500.0,217229.1667,-0.012563537,4.4,99.0935,3225.52,0.192825709,2.5998,-1.0687,6.1793
2020-02-01,0.27,49.5,,,1442000.0,101.0,50.3,209750.0,216166.6667,-0.029683886,14.8,99.0535,2954.22,0.060955507,2.3413,3.731,24.2699
2020-03-01,0.47,43.2,-5.3,1.2,1358000.0,89.1,49.7,2334500.0,393145.8333,4.938000106,13.2,97.6483,2584.59,-0.088135055,1.494,-14.8691,-29.8978
2020-04-01,0.44,27.3,,,1066000.0,71.8,41.7,4663250.0,764270.8333,5.101567398,11.0,92.7561,2912.43,-0.011338061,0.313,-29.0353,-57.045
2020-05-01,0.49,31.9,,,1260000.0,72.3,43.1,2017750.0,914208.3333,1.207100861,10.2,94.3584,3044.31,0.106193179,0.1982,-17.8781,-29.5592
2020-06-01,0.5,56.7,-28.0,-7.5,1338000.0,78.1,52.2,1490250.0,1019583.333,0.461626481,8.4,96.2058,3100.29,0.053889508,0.7167,-9.8328,-11.0423
2020-07-01,0.44,60.9,,,1546000.0,72.5,53.7,1383500.0,1117500.0,0.23803132,7.8,97.7405,3271.12,0.097551319,0.9969,-2.2738,4.7523
2020-08-01,0.58,66.2,,,1529000.0,74.1,55.6,892000.0,1174187.5,-0.240325757,6.9,98.4377,3500.31,0.196090157,1.2811,-1.512,4.6879
2020-09-01,0.56,60.9,34.8,-1.5,1624000.0,80.4,55.7,851750.0,1227708.333,-0.306227728,6.7,98.7377,3363.0,0.129759401,1.391,1.627,6.8774
2020-10-01,0.74,66.9,,,1613000.0,81.8,58.8,798000.0,1276520.833,-0.374863317,6.7,99.104,3269.96,0.076508777,1.2304,4.4736,12.0618
2020-11-01,0.68,65.7,,,1714000.0,76.9,57.7,751250.0,1320208.333,-0.430961023,6.4,99.5014,3621.63,0.153025489,1.1758,8.4108,23.8335
2020-12-01,0.8,67.5,4.2,-1.1,1744000.0,80.7,60.5,836750.0,1370270.833,-0.389354294,6.2,99.9177,3756.08,0.162592315,1.3204,8.7954,11.9449
2021-01-01,1.0,61.1,,,1883000.0,79.0,58.7,834000.0,1421895.833,-0.413459143,6.1,100.2909,3714.25,0.151519755,1.3738,6.9679,0.8147
2021-02-01,1.3,64.8,,,1715000.0,76.8,60.8,755000.0,1467333.333,-0.485461154,6.1,100.6624,3811.16,0.290073183,1.6698,4.6061,-7.456
2021-03-01,1.58,68.0,5.2,1.6,1732000.0,84.9,64.7,669250.0,1328562.5,-0.496260056,5.8,100.986,3972.9,0.537149026,2.6678,23.9827,44.5456
2021-04-01,1.49,64.3,,,1738000.0,88.3,60.7,589000.0,989041.6667,-0.404474028,5.9,101.2552,4181.18,0.435632788,4.1331,52.9449,147.8944
2021-05-01,1.44,67.0,,,1681000.0,82.9,61.2,457250.0,859000.0,-0.467694994,5.4,101.3342,4204.12,0.380976313,4.9183,37.194,70.0372
2021-06-01,1.2,66.0,6.2,12.0,1657000.0,85.5,60.6,410500.0,769020.8333,-0.466204318,5.1,101.3408,4297.49,0.386157424,5.2956,27.3734,41.4595
2021-07-01,1.05,64.9,,,1652000.0,81.2,59.5,372250.0,684750.0,-0.456370938,4.7,101.2918,4395.27,0.343659053,5.2452,15.9401,8.6693
2021-08-01,1.1,66.7,,,1770000.0,70.3,59.9,360500.0,640458.3333,-0.437121853,4.5,101.2208,4522.69,0.292082701,5.152,16.4917,9.7738
2021-09-01,1.24,66.7,3.3,4.7,1625000.0,72.8,61.1,354500.0,599020.8333,-0.408200883,4.2,101.1617,4307.53,0.280859352,5.3512,12.457,2.7527
2021-10-01,1.07,59.8,,,1719000.0,71.7,60.8,277750.0,555666.6667,-0.50014997,3.9,101.1189,4605.39,0.408393375,6.235,11.5072,2.3454
2021-11-01,0.91,61.5,,,1766000.0,67.4,60.8,236000.0,512729.1667,-0.539718012,4.0,101.0823,4567.01,0.261037157,6.902,13.2995,7.4129
2021-12-01,0.79,61.0,7.0,5.4,1913000.0,70.6,58.6,211000.0,460583.3333,-0.54188529,3.8,101.0287,4766.19,0.268926647,7.1743,14.7522,13.5725
2022-01-01,0.61,57.9,,,1915000.0,67.2,57.6,239500.0,411041.6667,-0.417334009,3.7,100.9404,4515.54,0.215733997,7.5588,12.3983,9.7696
2022-02-01,0.39,61.7,,,1860000.0,62.8,58.4,217750.0,366270.8333,-0.405494568,3.7,100.8102,4373.95,0.147668951,7.9373,10.1859,5.11
2022-03-01,0.04,53.8,-2.0,3.6,1879000.0,59.4,57.0,213250.0,328270.8333,-0.350383956,3.6,100.6231,4530.42,0.140330741,8.5722,9.3572,3.0608
2022-04-01,0.19,53.5,,,1835000.0,65.2,55.9,213250.0,296958.3333,-0.281885786,3.6,100.3779,4131.92,-0.011781363,8.2317,10.5078,10.9234
2022-05-01,0.32,55.1,,,1712000.0,58.4,56.1,210750.0,276416.6667,-0.237564064,3.5,100.079,4132.16,-0.017116543,8.5382,10.17,8.8476
2022-06-01,0.06,49.2,-0.6,1.9,1745000.0,50.0,53.1,214500.0,260083.3333,-0.175264338,3.6,99.7687,3785.39,-0.119162581,8.9794,10.2519,12.1761
2022-07-01,-0.22,48.0,,,1719000.0,51.5,52.7,220750.0,247458.3333,-0.107930628,3.5,99.4976,4130.289,-0.060287764,8.4626,9.654,12.8018
2022-08-01,-0.3,51.3,,,1542000.0,58.2,52.9,216750.0,235479.1667,-0.079536406,3.6,99.2862,3954.99,-0.125522642,8.2226,6.8414,7.5397
2022-09-01,-0.39,47.1,2.7,1.7,1613000.0,58.6,51.0,197750.0,222416.6667,-0.11090296,3.6,99.1214,3585.61,-0.167594886,8.1921,8.9656,17.0655
2022-10-01,-0.41,49.2,,,1560000.0,59.9,50.0,202500.0,216145.8333,-0.06313253,3.5,98.9918,3871.97,-0.159252528,7.7588,8.9313,16.8104
2022-11-01,-0.7,47.2,,,1402000.0,56.8,49.0,210000.0,213979.1667,-0.018596047,3.5,98.8933,4080.11,-0.106612423,7.1229,3.888,3.8148
2022-12-01,-0.53,45.1,2.6,0.7,1400000.0,59.7,48.4,208000.0,213729.1667,-0.026805732,3.6,98.8326,3839.49,-0.194432031,6.4046,5.7195,15.2421
2023-01-01,-0.69,42.5,,,1443000.0,64.9,47.4,202750.0,210666.6667,-0.037579114,3.5,98.7975,4076.59,-0.09720875,6.3272,2.8296,7.523
2023-02-01,-0.89,47.0,,,1620000.0,67.0,47.7,213500.0,210312.5,0.015156018,3.4,98.7777,3970.16,-0.092317013,5.9578,1.32,5.6495
2023-03-01,-0.58,44.3,2.2,1.7,1493000.0,62.0,46.3,227000.0,211458.3333,0.073497537,3.6,98.7804,4109.32,-0.09294944,4.9177,4.2212,13.6243
2023-04-01,-0.6,45.7,,,1470000.0,63.5,47.1,216750.0,211750.0,0.023612751,3.6,98.8242,4169.49,0.009092625,4.9501,3.9444,17.8662
2023-05-01,-0.76,42.6,,,1532000.0,59.2,46.9,227000.0,213104.1667,0.065206765,3.5,98.9065,4179.84,0.011538759,4.1319,3.9345,22.8425
2023-06-01,-1.06,45.6,2.1,2.4,1493000.0,64.4,46.0,253500.0,216354.1667,0.171689937,3.7,99.023,4450.37,0.175670142,3.0706,6.7453,25.1571
2023-07-01,-0.91,47.3,,,1501000.0,71.6,46.4,233500.0,217416.6667,0.073974703,3.8,99.1232,4588.97,0.111053004,3.2877,3.0999,11.9801
2023-08-01,-0.76,46.8,,,1578000.0,69.5,47.6,245250.0,219791.6667,0.115829384,3.9,99.2012,4507.67,0.139742452,3.7225,2.394,9.8664
2023-09-01,-0.44,49.2,4.9,2.9,1515000.0,68.1,49.0,216500.0,221354.1667,-0.021929412,3.7,99.2549,4288.04,0.19590251,3.6872,5.594,19.2922
2023-10-01,-0.19,45.5,,,1534000.0,63.8,46.7,210500.0,222020.8333,-0.051890776,3.8,99.3027,4193.81,0.083120479,3.2513,-0.3814,1.1953
2023-11-01,-0.36,47.8,,,1508000.0,61.3,46.6,217500.0,222645.8333,-0.023112192,3.7,99.3801,4567.81,0.119531091,3.1334,6.9779,24.5401
2023-12-01,-0.35,47.0,3.4,3.1,1530000.0,69.7,47.1,205750.0,222458.3333,-0.075107698,3.9,99.5016,4769.82,0.242305619,3.3159,3.7381,11.6699
2024-01-01,-0.28,52.5,,,1508000.0,79.0,49.1,209500.0,223020.8333,-0.060625876,3.9,99.6643,4845.66,0.188655224,3.0883,-2.8594,-7.3585
2024-02-01,-0.39,49.2,,,1563000.0,76.9,47.8,209250.0,222666.6667,-0.060254491,3.9,99.8432,5096.28,0.283645999,3.1571,0.6876,0.874
2024-03-01,-0.39,51.4,1.6,2.9,1485000.0,79.4,50.3,214500.0,221625.0,-0.0321489,4.0,100.0103,5254.34,0.278639775,3.4868,-0.6385,0.4924
2024-04-01,-0.35,49.1,,,1440000.0,77.2,49.2,210250.0,221083.3333,-0.049001131,4.1,100.1379,5035.7,0.207749629,3.3608,-1.1014,-5.6234
2024-05-01,-0.38,45.4,,,1399000.0,69.1,48.7,223000.0,220750.0,0.010192525,4.2,100.23,5277.5,0.262608138,3.2443,-0.9934,-8.1294
2024-06-01,-0.35,49.3,3.0,3.0,1454000.0,68.2,48.5,238750.0,219520.8333,0.08759609,4.2,100.23,5460.49,0.226974386,2.9703,-7.5149,-21.9218
2024-07-01,-0.2,47.4,,,1406000.0,66.4,46.8,238250.0,219916.6667,0.083364911,4.1,99.99,5522.29,0.20338333,2.9415,-0.015,0.7215
2024-08-01,0.0,44.6,,,1470000.0,67.9,47.2,230250.0,218666.6667,0.052972561,4.1,100.04,5648.39,0.253062003,2.6071,0.276,-0.3708
2024-09-01,0.15,46.1,3.1,2.7,1425000.0,70.1,47.2,224250.0,219312.5,0.022513537,4.2,100.13,5762.49,0.343851736,2.4265,-1.9314,-8.1414
2024-10-01,0.12,47.1,,,1419000.0,70.5,46.5,237000.0,221520.8333,0.069876799,4.1,100.23,5705.44,0.360443129,2.5788,2.5492,4.8549
2024-11-01,0.05,50.4,,,1493000.0,71.8,48.4,218500.0,221604.1667,-0.014007709,4.0,100.36,6032.39,0.320630674,2.7195,-3.4263,-11.8174
2024-12-01,0.33,52.1,2.4,2.5,1482000.0,74.0,49.2,207750.0,221770.8333,-0.06322217,4.1,100.57,5881.62,0.233090557,2.8707,-4.5231,-14.0747
2025-01-01,0.36,55.1,,,1473000.0,71.1,50.9,212750.0,222041.6667,-0.0418465,4.0,100.63,6040.52,0.246583541,2.991,3.7707,7.5604
2025-02-01,0.25,48.6,,,1459000.0,64.7,50.3,224000.0,223270.8333,0.003265839,4.1,100.68,5954.51,0.168403227,2.8016,4.0202,7.5112
2025-03-01,0.34,45.2,2.0,,1467000.0,57.0,49.0,227000.0,224312.5,0.011981053,4.2,100.68,5611.84,0.068038993,2.382,10.0173,25.754
2025-04-01,0.57,47.2,,,,52.2,,223000.0,225375.0,-0.010537992,4.2,,5569.07,0.105917747,2.3254,2.8773,5.4189
2025-05-01,0.55,,,,,,,226000.0,225625.0,0.00166205,,,5694.81,0.079073425,2.3773,19.9561,56.432
2025-06-01,0.49,,,,1393000.0,60.7,,243250.0,,,4.1,,6029.95,,2.6804,10.8965,30.0252
2025-07-01,0.51,,,4.4,1362000.0,61.7,,227750.0,,,4.3,,6296.5,,2.7426,3.3414,2.6153
2025-08-01,0.56,,,,1330000.0,58.2,,225600.0,,,4.3,,6408.95,,2.9386,7.6613,16.0057
2025-09-01,0.55,,,,1415000.0,55.1,,238375.0,,,4.4,,6584.02,,3.0226,7.4121,16.191
2025-10-01,0.54,,,,1411000.0,53.6,,226625.0,,,,,6735.69,,,4.8775,7.5859
2025-11-01,0.54,,,,1388000.0,51.0,,223200.0,,,4.5,,6740.89,,2.6964,12.454,29.5493
2025-12-01,0.64,,,,1448000.0,52.9,,217625.0,,,4.4,,6853.03,,2.6533,10.0042,20.2779
2026-01-01,0.67,,,,,,,207900.0,,,4.3,,6929.12,,2.3912,,
