Country Name,id,GDP per Capita,HDI,Gini Index,Unemployment Rate,Life expectancy at Birth,Infant Mortality rate per 1000,Current Health Expenditure (% of GDP),School enrollment tertiary,Government expenditure on education total (% of GDP),Carbon dioxide (CO2) emissions,Renewable energy consumption,PM2.5 air pollution,Forest area,Control of Corruption,Government Effectiveness,Voice and Accountability,Political Stability,Individuals using the Internet,High-technology exports,Patent applications,Access to electricity,People using safely managed drinking water services,Fixed broadband subscriptions per 100 people,Terrestrial and marine protected areas,Physicians per 1000 people,Prevalence of undernourishment,GDP per Capita Rank,HDI Rank
Switzerland,CHE,83297.82,0.967,-33.7,-4.5,83.4,-3.5,11.77,71.37,5.07,-35.53,27.05,-9.06,32.21,2.01,2.04,1.59,1.13,96.02,21.6,1336,100,96.7,47.47,12.08,4.42,-2.5,5,1
Norway,NOR,94799.54,0.966,N/A,-3.9,82.98,-1.83,9.88,92.91,6.43,-44.56,61.15,-6.06,33.46,2.09,1.86,1.75,1.02,97.9,23.07,913,100,98.88,45,12.01,5.13,-2.5,4,2
Iceland,ISL,66798.79,0.959,N/A,-4.7,82.8,-2.07,9.3,82.03,7.98,-3.15,82.65,-5.11,0.52,1.64,1.55,1.4,1.3,99.69,34.55,39,100,100,37.98,2.81,4.42,-2.5,11,3
Denmark,DNK,70804.18,0.952,-27.9,-5.05,81.44,-3.13,10.29,83.74,6.56,-28.03,39.5,-9.07,15.73,2.34,1.95,1.58,0.89,98.01,15.09,1175.5,100,99.92,44.67,17.9,4.38,-2.5,9,4
Sweden,SWE,63377.13,0.952,-29.35,-8,82.84,-2.07,11.08,82.99,7.75,-37.32,57.85,-5.64,68.7,2.07,1.61,1.52,0.92,94.98,15.99,1767.5,100,99.74,40.64,15.02,4.31,-2.5,15,5
Ireland,IRL,119817.55,0.95,-29.65,-5.19,82.66,-2.77,6.63,76.69,3.13,-34.02,13.2,-8.17,11.41,1.6,1.51,1.44,0.9,94.02,37.24,75,100,95.95,31.29,4.04,3.77,-2.5,2,6
Germany,DEU,64430.1,0.95,-32.4,-3.42,80.85,-3.07,12.76,75.14,5.2,-640.7,18.05,-10.29,32.68,1.77,1.27,1.42,0.65,91.34,16.56,41041,100,99.92,44.34,38.68,4.49,-2.5,13,7
Netherlands,NLD,71574.65,0.946,-25.85,-3.77,81.46,-3.4,11.25,87.36,5.33,-136.01,11.45,-10.89,11,1.95,1.68,1.53,0.78,93.23,22.81,2139,100,99.97,43.11,25.31,3.88,-2.5,8,8
Australia,AUS,62076.17,0.946,N/A,-4.7,83.23,-3.2,10.61,109.69,5.31,-381.42,11.75,-8.25,17.42,1.72,1.54,1.37,0.9,94.85,23.74,2667,100,N/A,36.04,31.55,3.94,-2.5,16,9
Belgium,BEL,63426.59,0.942,-26.3,-5.72,81.39,-3.13,11.12,81.92,6.58,-90.64,12,-11.22,22.6,1.43,1.11,1.29,0.54,93.24,19.53,830.5,100,99.73,42.83,17.69,3.22,-2.5,14,10
Finland,FIN,58225.91,0.942,-27.4,-7.31,81.67,-1.9,9.94,100.76,6.59,-36.83,48.75,-4.9,73.73,2.22,1.83,1.61,0.89,92.87,9.9,1572.5,100,99.64,34.16,13.09,4,-2.5,17,11
United Kingdom,GBR,53908.22,0.94,-32.5,-4.29,81.04,-3.63,11.96,75.59,5.43,-322.02,12.9,-9.91,13.22,1.6,1.24,1.25,0.51,95.14,25.73,11791,100,99.82,41,40.17,3.13,-2.5,22,12
United Arab Emirates,ARE,70660.52,0.937,N/A,-3.11,78.95,-4.53,5.57,58.55,3.94,-202.43,0.95,-36.31,4.47,1.12,1.39,-1.15,0.65,100,8.15,54,100,N/A,36.2,15.92,2.9,-3.07,10,13
Canada,CAN,57816.38,0.935,N/A,-6.97,81.51,-4.4,12.17,76.42,4.59,-564.66,23.85,-6.57,39.21,1.63,1.56,1.46,0.89,93.2,14.91,4581,100,99.04,41.96,10.56,2.46,-2.5,18,14
Korea,KOR,48916.37626,0.929,-32.8,-3.2755,83.21138211,-2.5,9.133902233,100.1568298,4.833995104,-601.65655,3.6,-25.94398995,64.31352459,-0.768503547,-1.372423798,-0.873233214,-0.606798768,97.16525,35.91166972,183361,100,99.20641827,44.832125,5.844315087,2.5125,-2.5,28,15
Luxembourg,LUX,135337.54,0.927,-33.05,-5.53,82.6,-2.23,5.62,20.58,4.09,-7.64,20.65,-8.67,34.45,1.92,1.79,1.54,1.13,98.68,5.93,120.5,100,99.53,37.89,52.78,N/A,-2.5,1,16
United States,USA,74133.57,0.927,-40.23,-5.17,76.91,-5.43,17.56,83.93,5.41,-4672.47,10.95,-7.81,33.87,1.07,1.26,0.87,0,96.83,20.46,265915,100,97.32,37.07,18.57,3.58,-2.5,7,17
Austria,AUT,65601.85,0.926,-30.25,-5.48,81.16,-2.7,11.75,92.39,5.28,-62.2,35.9,-10.93,47.17,1.28,1.48,1.4,0.79,92.25,13.53,1998,100,98.9,29.34,29.29,5.42,-2.5,12,18
Slovenia,SVN,48122.21,0.926,-24.15,-4.34,80.83,-1.9,9.25,80.15,5.37,-13.1,23.05,-14.29,61.37,0.75,1.09,0.97,0.75,88.72,7.7,227,100,98.27,31.7,40.04,3.3,-2.5,30,19
Japan,JPN,46009.41,0.92,N/A,-2.71,84.33,-1.77,10.91,63.31,3.29,-1027.96,8.65,-12.84,68.41,1.48,1.54,1.04,1.01,86.02,18,224900,100,98.64,36.54,13.5,2.61,-3.17,33,20
Malta,MLT,57546.29,0.915,-31.4,-3.45,82.52,-5.03,10.66,71.51,5.5,-1.67,8.9,-11.72,1.44,0.25,0.76,1.05,0.91,89.45,37.08,5.5,100,99.79,42.75,7.58,4.23,-2.5,19,21
Israel,ISR,48728.08,0.915,-37.85,-4.01,82.62,-2.77,7.81,57.69,6.37,-61.68,5.9,-18.6,6.47,0.74,1.17,0.66,-1.18,90.76,30.44,1617,100,99.49,29.58,10.54,3.65,-2.5,29,22
Spain,ESP,46776.75,0.911,-34.4,-13.85,82.88,-2.57,10.74,93.35,4.69,-227.27,19.15,-9.58,37.18,0.69,0.86,1.05,0.38,94.26,9.83,1369.5,100,99.56,35.69,17.91,4.53,-2.5,32,23
France,FRA,54063.15,0.91,-31.1,-7.63,82.24,-3.3,12.22,70.08,5.55,-299.91,16.5,-9.6,31.66,1.21,1.19,1.11,0.34,85.74,22.95,13078.5,100,99.62,47.74,36.4,3.33,-2.5,21,24
Cyprus,CYP,51283.18,0.907,-31.5,-6.98,81.49,-2.67,8.92,95.93,5.44,-7.02,15.3,-13.51,18.67,0.37,0.75,0.9,0.39,90.6,16.1,1.5,100,99.77,37.84,11.16,3.46,-2.5,24,25
Italy,ITA,52009.88,0.906,-35,-8.59,82.58,-2.33,9.34,71.3,4.33,-317.1,18.1,-14.66,32.53,0.53,0.44,1.08,0.5,79.36,8.88,10171,100,92.8,31.63,14.15,4.11,-2.5,23,26
Estonia,EST,44828.71,0.899,-31.25,-6.27,77.83,-1.57,7.34,72.21,5.4,-11.95,39.2,-6.15,57.05,1.54,1.31,1.19,0.71,91.19,18.96,23,100,97.01,36.86,20.19,3.46,-2.5,34,27
Czechia,CZE,49334.66,0.895,-26.2,-2.54,78.14,-2.2,9.35,69.28,4.76,-95.87,17.1,-14.11,34.71,0.65,1.05,1.03,0.91,83.64,21.27,607,100,97.88,37.4,22.16,4.21,-2.5,27,28
Greece,GRC,35761.47,0.893,-33.25,-13.5,80.67,-3.37,9.34,153.65,4.29,-53.29,20.8,-14.41,30.27,0.09,0.35,0.97,0.14,81.2,13.79,397,100,98.9,42.09,11.03,6.33,-2.5,44,29
Poland,POL,42556.36,0.881,-28.5,-2.99,76.44,-3.8,6.54,72.82,4.76,-306.23,15.65,-17.96,31.02,0.56,0.31,0.61,0.51,85.48,10.27,3693.5,100,89.15,23.67,37.97,3.34,-2.5,35,30
Lithuania,LTU,47171.52,0.879,-36.35,-7.1,74.94,-2.9,7.59,72.24,4.38,-13.71,32.45,-9.22,35.18,0.78,1.02,1.04,0.78,86.55,12.73,88,100,94.95,28.54,17.79,4.69,-2.5,31,31
Latvia,LVA,37734.43,0.879,-35,-7.22,74.25,-3,8.15,93.11,4.73,-6.96,43.9,-11.6,54.87,0.7,0.76,0.92,0.55,90.82,18.12,98.5,100,96.83,25.94,17.52,3.36,-2.5,43,32
Croatia,HRV,38976.15,0.878,-29.2,-7.04,77.24,-3.93,7.91,77.84,4.22,-17.47,33.25,-16.12,34.7,0.14,0.57,0.59,0.62,81.22,10.6,97,100,N/A,27.23,23.88,5.28,-2.5,41,33
Qatar,QAT,112705.24,0.875,N/A,-0.14,79.98,-4.73,3.36,30.04,3.23,-119.97,0,-75.66,0,0.76,1.07,-1.12,0.86,99.88,3.62,64,100,96.65,11.48,5.84,N/A,#VALUE!,3,34
Saudi Arabia,SAU,55936.6,0.875,N/A,-5.97,77.03,-5.73,6.31,74.31,5.11,-595.89,0.1,-53.15,0.45,0.35,0.49,-1.53,-0.45,99.47,7.87,1346,100,N/A,36.16,4.53,2.84,-3.5,20,35
Portugal,PRT,41579.55,0.874,-34.65,-6.47,81.31,-2.67,10.77,71.74,4.83,-38.94,31.8,-8.45,36.15,0.72,0.98,1.24,0.86,82.71,6.76,703,100,95.09,42.17,17.15,5.69,-2.5,36,36
Chile,CHL,29580.45,0.86,-45,-9.37,79.28,-5.67,9.36,94.89,5.31,-87.35,25.45,-23.28,24.66,1,0.64,0.99,0.12,90.26,11.52,387,100,98.77,21.8,37.83,2.98,-2.5,54,37
Slovak Republic,SVK,39559.77,0.855,-24.15,-6.4,76.18,-4.9,7.44,50.54,4.78,-34.91,17.75,-15.39,40.06,0.28,0.4,0.9,0.57,88.78,9.28,176,100,99.15,32.74,37.59,3.68,-3.17,40,38
Turkiye,TUR,35318.79,0.855,-43.7,-11.24,76.79,-8.63,4.6,124.08,3.4,-438.88,12.85,-21.61,29.07,-0.44,-0.18,-0.88,-1.08,82.12,3.65,8077,100,N/A,21.16,3.85,2.1,-2.5,45,39
Hungary,HUN,40472.41,0.851,-29.45,-4,75.25,-3.33,7.34,56.4,4.42,-47.67,15.05,-14.14,22.48,-0.01,0.51,0.39,0.76,88.5,17.54,430.5,100,99.7,35.41,22.6,3.22,-2.5,37,40
Argentina,ARG,27093.41,0.849,-41.93,-8.29,75.78,-8.63,10.03,104.48,4.91,-184.51,9.5,-14.91,10.4,-0.35,-0.33,0.57,-0.07,87.57,5.38,668,100,N/A,23.59,9.45,3.99,-3.3,56,41
Kuwait,KWT,49582.84,0.847,N/A,N/A,78.62,-7.47,6.06,57.64,6.4,-106.45,0.1,-53.72,0.35,0.05,-0.04,-0.67,0.3,99.6,1.26,N/A,100,100,1.42,10.72,2.29,-2.5,26,42
Montenegro,MNE,25949.18,0.844,-34.85,-16.42,75.31,-2.4,10.99,57.17,N/A,N/A,39.6,-17.98,61.49,-0.07,0.02,0.21,-0.05,82.68,8.31,5,99.9,85.1,31.35,9.06,2.75,-2.5,57,43
Uruguay,URY,30681.83,0.83,-40.53,-8.99,77.29,-5.8,9.25,72.17,4.5,-8.24,59.5,-10.57,11.72,1.53,0.81,1.29,1.04,87.66,9.67,N/A,100,N/A,32.43,2.44,4.57,-2.5,53,44
Romania,ROU,39981.44,0.827,-34.25,-5.46,74.12,-5.4,6.36,55.67,3.46,-75.72,23.85,-14.85,30.12,-0.03,-0.14,0.56,0.47,84.19,11.99,794.5,100,82.03,32.22,24.36,3.38,-2.5,38,45
Brunei Darussalam,BRN,78776.51,0.823,N/A,-5.7,74.66,-8.57,2.3,33.68,N/A,-9.7,0,-7.6,72.11,1.23,1.4,-0.83,1.24,96.55,1.19,3.5,100,N/A,18.37,8.99,1.91,#VALUE!,6,46
Russian Federation,RUS,38885.27,0.821,-34.4,-4.33,71.26,-4.1,7.48,55.36,4.02,-1970.34,3.6,-11.27,49.78,-0.98,-0.43,-1.18,-0.88,88.97,9.46,21664,99.97,76.14,23.84,8.25,3.83,-2.5,42,47
Panama,PAN,33499.56,0.82,-49.9,-10.95,76.57,-12.17,10.24,52.15,3.79,-11.79,28.25,-11.47,56.65,-0.61,-0.01,0.55,0.26,73.09,0.56,28.5,95.2,N/A,15.8,23.57,1.68,-5.13,48,48
"Bahamas, The",BHS,31735.82,0.82,N/A,-8.64,72.88,-11.33,7.39,N/A,3.21,-1.58,1.2,-18.94,50.94,1.2,0.38,0.89,0.89,93.54,0.83,N/A,100,N/A,21.67,8.56,N/A,#VALUE!,51,49
Oman,OMN,39911.72,0.819,N/A,-2.71,73.74,-9.1,4.81,45.94,5.54,-88.58,0.1,-39.58,0.01,0.13,0.06,-1.12,0.49,96.03,6.93,20.5,100,90.71,11.18,1.35,2.02,-5.7,39,50
Trinidad and Tobago,TTO,31549.79,0.814,N/A,-4.1,74.03,-14.23,7.28,N/A,3.38,-28.39,0.5,-25.6,44.4,-0.3,0.06,0.64,0.27,78.76,0.12,1.5,100,N/A,25.82,2.01,3.8,-12.2,52,51
Georgia,GEO,20810.05,0.814,-34.07,-11.73,72.02,-8.4,8.07,76.84,3.73,-12.3,24.3,-17.04,40.62,0.63,0.69,0.03,-0.41,77.39,2.65,85.5,100,68.88,27.36,7.62,5.37,-4.8,64,52
Malaysia,MYS,32020.09,0.807,-40.7,-4.37,75.69,-6.77,4.23,41.21,3.98,-267.49,7.25,-16.19,58.02,0.23,0.96,-0.06,0.13,95.35,55.8,936,100,93.87,11.5,8.41,2.27,-2.5,49,53
Costa Rica,CRI,25002.65,0.806,-47.95,-12.81,77.87,-6.93,7.7,N/A,6.44,-7.97,35.3,-14.31,59.76,0.56,0.18,1.09,0.89,82.75,19.7,13.5,99.97,80.51,21.23,12.81,2.54,-2.5,58,54
Serbia,SRB,24823.19,0.805,-34.05,-8.89,74.25,-4.6,9.36,70.78,3.27,N/A,26.6,-22.51,32.38,-0.45,0.01,-0.1,-0.12,82.11,N/A,138,100,75.04,28.08,7.81,2.77,-2.5,59,55
Thailand,THA,21273.58,0.803,-34.95,-1,79.22,-7.2,4.76,44.33,2.82,-272.99,19.95,-31.01,38.83,-0.48,0.18,-0.67,-0.46,85.16,26.05,865,99.97,N/A,16.72,13.29,0.93,-5.83,63,56
Kazakhstan,KAZ,34098.99,0.802,-28.95,-4.88,72.01,-8.87,3.84,60.39,4.43,-237.42,1.9,-20.03,1.29,-0.27,0.11,-1.1,-0.31,90.51,32.03,803,100,89.34,14.88,11.74,4.03,-2.5,46,57
Belarus,BLR,27919.01,0.801,-24.4,-3.75,72.65,-2.03,6.49,72.19,4.76,-56.95,8.3,-14.61,43.27,-0.41,-0.87,-1.58,-0.79,88.25,5.56,296.5,100,93.02,34.75,12.35,4.47,-2.5,55,58
Bulgaria,BGR,31844.89,0.799,-39.75,-4.74,73.16,-5.2,8.52,84.99,4.62,-43.78,20.75,-17.15,35.98,-0.22,-0.15,0.3,0.36,76.24,11.17,202,99.83,95.81,33.58,33.11,4.48,-2.63,50,59
Albania,ALB,17815.83,0.789,-29.4,-11.14,76.76,-8.4,7.39,62.23,3.04,-4.7,43.15,-15.71,28.79,-0.47,0.03,0.12,0.14,79.33,0.26,23,100,70.71,20.13,14.17,1.88,-4.4,72,60
China,CHN,21344.28,0.788,-36.4,-5.36,78.29,-5.13,5.49,69.11,4.08,-12607.63,15.05,-34.81,23.63,-0.01,0.66,-1.6,-0.49,74.05,28.96,1385730.5,100,N/A,39.39,14.75,2.45,-2.5,62,61
Armenia,ARM,17782.98,0.786,-26.97,-8.24,72.53,-9.63,12.29,58.26,2.05,-7.36,8.75,-30.58,11.53,0.03,-0.27,0.07,-0.79,77.38,14.01,51.5,100,82.55,16.86,24.43,N/A,-2.5,73,62
Mexico,MEX,22059.5,0.781,-44.05,-3.62,71.73,-11.4,6.15,45.74,4.38,-458.43,12.65,-14.99,33.73,-0.99,-0.27,-0.08,-0.7,76.73,19.86,1124.5,99.8,42.97,19.49,18.92,2.5,-3.17,61,63
"Iran, Islamic Rep.",IRN,15786.62,0.78,-35.37,-9.35,74.42,-10.7,5.59,57.94,3.06,-747.58,0.9,-32.29,6.63,-1.15,-0.95,-1.46,-1.65,78.63,0.56,10803,100,94.09,11.8,7.67,N/A,-6.5,80,64
Sri Lanka,LKA,13977.95,0.78,N/A,-4.96,76.47,-5.77,4.05,21.71,1.52,-21.35,49.05,-19.96,34.11,-0.36,-0.21,-0.14,-0.44,43.58,1.2,309.5,100,47.36,9.21,3.38,1.2,-3.9,86,65
Bosnia and Herzegovina,BIH,19532.71,0.779,N/A,-13.52,75.61,-5.3,9.63,43.52,3.58,-22.55,37.15,-26.6,42.73,-0.64,-1.05,-0.32,-0.43,77.78,5.03,51.5,100,87.55,25.94,3.89,N/A,-2.5,66,66
Dominican Republic,DOM,22746.63,0.766,-38.37,-6.22,73.22,-27.37,4.93,56.79,4.07,-29.39,15.4,-19.83,44.65,-0.56,-0.06,0.29,0.24,83.75,7.31,8.5,98.73,44.86,10.38,19.03,2.07,-5.53,60,67
Ecuador,ECU,14102.16,0.765,-45.8,-4.46,74.57,-10.83,8.32,58.39,3.85,-40.8,19.55,-16.66,50.06,-0.59,-0.38,0.01,-0.31,70.83,5.78,34,99.63,66.99,14.68,16.77,2.31,-13.83,84,68
Moldova,MDA,15796.93,0.763,-25.7,-1.12,69.21,-12.33,7.38,58.78,6.2,-9.47,21.85,-14.76,11.74,-0.42,-0.36,0.08,-0.47,60.74,2.31,74.5,100,74.86,25.59,9,3.65,-2.5,79,69
Peru,PER,15369.33,0.762,-41.37,-5.37,73.14,-11.97,6.22,N/A,4.06,-54.05,31.1,-27.04,56.37,-0.68,-0.37,0.13,-0.43,70.34,4.72,109.5,96,51.7,9.34,14.62,1.63,-6.93,82,70
Azerbaijan,AZE,20356.22,0.76,N/A,-6.31,69.91,-16.83,5.28,39.45,3.67,-38.76,1.3,-21.73,13.83,-1.04,0,-1.48,-0.84,86.2,4.31,104.5,100,71.14,20.23,5.52,3.09,-2.5,65,71
Brazil,BRA,18790.36,0.76,-51.27,-11.01,73.39,-12.77,10.04,57.26,5.63,-477.96,48.25,-12.18,59.27,-0.5,-0.52,0.29,-0.42,81.68,9.83,4973,99.73,86.61,20.42,29.25,2.14,-3.83,68,72
Colombia,COL,18547.59,0.758,-54.47,-12.51,73.75,-11,8.87,57.78,N/A,-90.36,30.85,-14.18,53.13,-0.32,-0.03,0.15,-0.75,71.87,8.78,400.5,99.9,73.66,16.46,16.9,2.42,-4.27,69,73
Libya,LBY,12429.48,0.746,N/A,N/A,72.18,-9.2,N/A,N/A,N/A,-55.03,3.15,-32.97,0.12,-1.55,-1.75,-1.4,-2.28,86.78,N/A,N/A,69.87,N/A,4.63,0.22,N/A,-11.43,94,74
Algeria,DZA,14958.49,0.745,N/A,N/A,75.99,-19.2,5.84,54.19,5.52,-179.66,0.1,-25.55,0.82,-0.63,-0.6,-1.02,-0.77,66.04,N/A,215.5,99.83,71.13,10.07,4.4,N/A,-2.5,83,75
Turkmenistan,TKM,17423.53,0.744,N/A,N/A,69.12,-35.73,5.63,16.34,3.52,-66.15,0.1,-19.6,8.78,-1.43,-1.09,-1.94,-0.19,N/A,N/A,N/A,100,94.86,4.23,3.21,2.16,-3.93,74,76
Guyana,GUY,33532.12,0.742,N/A,N/A,66.72,-23,5.22,N/A,N/A,-3.31,12.43,-25.46,93.5,-0.26,-0.32,0.2,-0.08,79.84,4.67,40,92.73,N/A,12.12,5.16,1.41,-2.53,47,77
Mongolia,MNG,15723.07,0.741,-31.4,-6.35,71.93,-12.1,5.79,64.66,3.98,-25.34,2.95,-29.65,9.1,-0.53,-0.46,0.3,0.64,76.01,18.6,87.5,99.83,38.34,12.05,19.8,3.82,-3.27,81,78
Togo,TGO,2714.38,0.739,-37.9,-1.97,61.41,-43.23,5.8,15.07,4.04,-2.42,75.65,-51.67,22.18,-0.67,-0.66,-0.77,-0.83,33.05,0.36,N/A,55.67,19.13,0.91,22.07,0.07,-14.3,140,79
Jordan,JOR,9769.99,0.736,N/A,-18.47,74.55,-12.6,7.16,31.58,3.15,-22.44,11.1,-28.77,1.1,0.06,0.22,-0.78,-0.25,84.97,1.7,30.5,99.93,85.71,6.59,4.47,N/A,-17,101,80
Ukraine,UKR,16446.91,0.734,-25.6,-9.65,69.81,-7.03,7.79,79.02,5.49,-166.81,8.8,-14.9,16.73,-0.73,-0.43,0.01,-1.42,77.13,5.7,1331.5,100,87.79,18.52,9.58,N/A,-5.13,77,81
Tunisia,TUN,12939.48,0.732,-33.7,-15.2,74.44,-10.67,7.01,35.82,6.87,-30.42,12.25,-24.18,4.53,-0.25,-0.24,-0.02,-0.64,70.24,7.43,N/A,99.93,74.11,12.91,5.21,1.29,-3.27,92,82
Paraguay,PRY,15894.72,0.731,-43.83,-6.85,71.31,-15.5,7.85,N/A,3.54,-8.33,60.15,-10.09,39.87,-1.01,-0.57,0.02,0.03,76.33,8.28,12,99.9,64.15,10.77,14.31,2.75,-3.93,78,83
Fiji,FJI,12686.21,0.729,N/A,N/A,67.78,-23.17,5.08,72.4,4.71,-2.08,29.97,-12.42,62.76,0.49,0.58,-0.02,0.72,83.38,4.16,N/A,93.73,41.74,2.52,0.99,N/A,-6.97,93,84
"Egypt, Arab Rep.",EGY,16715.56,0.728,N/A,-7.38,70.46,-16.03,4.38,39.07,N/A,-243.1,6.4,-54.86,0.05,-0.74,-0.4,-1.45,-1.02,72.06,3.08,929.5,100,N/A,10.21,11.55,0.68,-7.67,75,85
Uzbekistan,UZB,9774.72,0.727,-31.2,-5.29,70.96,-12.53,7.25,28.67,5.26,-133.39,1,-31.96,8.43,-0.87,-0.37,-1.39,-0.26,80.15,1.46,384.5,99.97,78.82,23.44,5.77,2.79,-2.5,100,86
Viet Nam,VNM,13121.06,0.726,-36.45,-1.91,74.53,-16.47,4.45,40.55,3.02,-347.75,21.55,-20.8,46.96,-0.35,0.18,-1.3,-0.06,75.3,41.99,1043.5,99.93,57.26,20.15,2.93,N/A,-5.3,90,87
Lebanon,LBN,13384.11,0.723,N/A,N/A,75.76,-14.1,8.82,57.98,1.67,-18.22,6.55,-19.23,14.07,-1.2,-1.39,-0.62,-1.51,88.59,6.68,N/A,100,47.7,7.47,0.88,N/A,-9.57,89,88
South Africa,ZAF,14084,0.717,N/A,-32.15,63.02,-27.87,8.42,25.89,6.26,-413.52,9.75,-23.75,14.03,-0.18,-0.1,0.74,-0.59,73.66,5.41,1173,88.6,N/A,2.86,12.55,0.81,-7.57,85,89
Indonesia,IDN,13546.75,0.713,-35.6,-3.71,68.21,-18.73,3.56,41.86,1.05,-636.2,21.05,-17.88,48.49,-0.46,0.42,0.13,-0.49,62.88,8.25,1353,98.73,29.99,4.51,5.27,0.67,-6.77,88,90
Philippines,PHL,9554.03,0.71,-40.7,-2.84,71.19,-22.03,5.38,38.14,3.73,-148.33,28.55,-20.29,24.23,-0.53,0.08,-0.08,-0.75,64.13,65.46,483,96.23,47.66,7.45,3.53,0.77,-5.9,103,91
Botswana,BWA,18536.93,0.708,N/A,-22.78,64.23,-32,6.22,22.77,8.06,-6.85,27.55,-18.91,26.71,0.66,0.34,0.47,1.04,73.35,0.44,2.5,73.8,N/A,4.27,29.14,0.39,-23.8,70,92
Jamaica,JAM,10195.05,0.706,-40.2,-4.7,71,-16.17,6.91,N/A,5.56,-6.39,11.1,-17.41,55.47,-0.06,0.48,0.6,0.31,81.29,2.24,13,99.9,N/A,14.73,1.47,N/A,-7.3,99,93
Kyrgyz Republic,KGZ,6149.76,0.701,-28.07,-5.29,71.92,-15.63,5.35,52.6,6.7,-10.15,28.8,-24.38,6.95,-1.18,-0.78,-0.66,-0.47,75.47,13.54,73,99.77,76.41,5.21,6.71,2.15,-5.57,116,94
Belize,BLZ,12146.22,0.7,N/A,-29.28,71.43,-9.93,5.15,23.93,5,-0.25,29.6,-28.65,55.5,-0.25,-0.47,0.53,0.49,64.16,0.28,N/A,97.7,N/A,9.36,21.12,N/A,-4.43,96,95
Bolivia,BOL,9761.36,0.698,-42.25,-4.89,64.34,-20.3,8.09,N/A,7.99,-21.72,14.85,-22.88,46.73,-0.86,-0.67,-0.17,-0.31,66.4,5.64,6.5,98.57,N/A,9.44,30.87,1.11,-20.07,102,96
Morocco,MAR,8863.73,0.698,N/A,-12.04,74.31,-15.4,5.79,44.18,5.97,-70.21,11,-21.32,12.89,-0.44,-0.12,-0.55,-0.37,87.38,4.65,252,100,74.44,6.12,2,N/A,-6.2,104,97
Gabon,GAB,18437.59,0.693,N/A,N/A,66.02,-29.4,3.06,14.74,2.77,-5.19,91.3,-29.95,91.27,-0.95,-0.82,-0.92,-0.1,73.04,2.39,N/A,92.13,N/A,2.63,25.13,0.54,-19.97,71,98
Suriname,SUR,19154.88,0.69,-39.2,N/A,71.04,-15.33,6.26,7.38,3.75,-2.59,14.55,-27.31,94.6,-0.42,-0.79,0.38,0.39,72.53,5.43,N/A,98.73,55.78,18.33,8.48,1.48,-9.73,67,99
Bhutan,BTN,13665.89,0.681,-28.5,-4.73,71.88,-20.73,4.1,16.78,6.36,-1.88,82.73,-23.95,71.5,1.54,0.54,0.18,0.95,83.11,N/A,N/A,100,71.71,0.68,49.67,0.53,#VALUE!,87,100
Tajikistan,TJK,4279.41,0.679,N/A,N/A,70.29,-27.6,8.1,37.43,5.74,-9.31,36.85,-37.05,3.06,-1.38,-0.73,-1.7,-0.6,30.66,1.03,N/A,99.7,55.26,0.06,22.28,2.13,-9.2,125,101
El Salvador,SLV,11179.38,0.674,-38.9,-3.83,71.09,-10.6,9.4,31.11,3.42,-7.62,22.8,-20.03,27.96,-0.58,-0.22,-0.21,-0.14,58.7,6.95,3,99.2,N/A,9.96,2.13,2.23,-6.83,97,102
Iraq,IRQ,12940.39,0.673,N/A,-16.17,70.28,-20.6,5.71,N/A,N/A,-182.17,1.1,-38.18,1.9,-1.28,-1.33,-0.97,-2.42,65.8,N/A,635,100,59.7,15.35,1.53,0.97,-15.97,91,103
Bangladesh,BGD,7920,0.67,-33.4,-4.59,72.68,-24.9,2.32,23.14,1.77,-117,26.1,-42.38,14.47,-1.05,-0.72,-0.76,-0.98,40.29,N/A,57,98.2,58.97,6.84,4.89,0.66,-11.93,107,104
New Zealand,NIC,49946.52,0.669,N/A,-3.85,82.41,-3.93,10.06,77.39,5.48,-35.23,28.8,-6.49,37.64,2.13,1.43,1.63,1.39,95.57,11.01,339,100,99.7,35.92,30.6,3.51,-2.5,25,105
Equatorial Guinea,GNQ,16512.51,0.65,N/A,N/A,60.83,-56.73,3.65,N/A,N/A,-4.19,5.3,-35.38,86.99,-1.57,-1.25,-1.73,-0.22,60.79,N/A,N/A,66.83,N/A,0.1,1.77,0.14,#VALUE!,76,106
India,IND,8584.1,0.644,-33.3,-5.81,68.38,-26.8,3.31,31.8,4.27,-2640.86,35.5,-48.39,24.36,-0.32,0.37,0.09,-0.7,43.41,12.22,24704,98.43,N/A,1.98,4.09,0.73,-13.6,105,107
Guatemala,GTM,12386.37,0.629,N/A,-2.52,69.9,-19.43,6.68,22.99,3.2,-19.8,63.8,-21.64,32.81,-1.16,-0.83,-0.47,-0.33,50.92,5.49,8,97.87,56.03,4.28,10.11,1.28,-13.13,95,108
Honduras,HND,6392.99,0.624,N/A,-8.58,70.77,-14.23,9.1,22.47,5.07,-9.99,48.05,-20.31,56.65,-1.05,-0.78,-0.54,-0.53,52.31,2.76,N/A,93.87,64.81,4.22,10.99,0.49,-18.2,112,109
Lao PDR,LAO,8513.01,0.62,N/A,-1.21,68.52,-33.73,2.4,13.41,1.62,-23.46,50.43,-22.32,71.75,-1.02,-0.65,-1.69,0.75,60.72,15.22,N/A,99.77,17.78,2.04,18.69,0.34,-5.87,106,110
Vanuatu,VUT,3264.92,0.614,N/A,-4.05,70.41,-16,4.18,N/A,8.41,-0.27,25.2,-14.08,36.28,-0.06,-0.51,0.65,0.92,67.6,N/A,N/A,69.1,N/A,1.03,0.09,N/A,-8,132,111
Namibia,NAM,10234.13,0.61,N/A,N/A,60.05,-29.27,9.14,28.63,9.6,-4.11,30.6,-19.99,7.98,0.2,0.05,0.57,0.53,60.4,0.05,N/A,54.57,N/A,3.22,23.25,0.48,-20.6,98,112
Myanmar,MMR,5651.18,0.608,N/A,-1.48,66.58,-33.5,5.13,N/A,N/A,-33.07,61.05,-32.32,43.29,-1.02,-1.47,-1.56,-1.98,42.99,3.45,N/A,72.2,57.16,1.97,3.94,N/A,-4.63,118,113
Ghana,GHA,6851.72,0.602,N/A,-3.03,63.95,-32.5,4.08,20.05,3.24,-24.03,39.5,-54.24,35.13,-0.1,-0.14,0.46,0,66.99,1.6,12,85.6,43.47,0.47,7.68,0.14,-6.03,110,114
Kenya,KEN,5580.47,0.601,-37.45,-5.69,62.05,-31.1,4.51,N/A,4.6,-20.95,68.35,-24.39,6.34,-0.79,-0.34,-0.24,-0.98,35.55,3.39,250.5,74.67,N/A,1.77,10.48,0.1,-30.53,120,115
Nepal,NPL,4819.6,0.601,-30,N/A,69.39,-23.93,5.32,15.04,3.87,-17.05,73.4,-45.72,41.59,-0.55,-0.91,-0.06,-0.21,42.96,1.44,N/A,90.37,16.63,4.51,23.63,0.86,-5.67,122,116
Cambodia,KHM,6627.64,0.6,N/A,-0.28,69.97,-21.1,7.32,15.32,2.96,-17.18,51.9,-24.14,44.83,-1.25,-0.4,-1.35,-0.1,55.33,3.94,N/A,87.07,28.5,2.11,31.77,N/A,-4.83,111,117
"Congo, Rep.",COG,6132.99,0.593,N/A,N/A,63.45,-32.1,4.13,10.35,3.75,-7.34,71.4,-28.57,64.22,-1.39,-1.32,-1.22,-0.1,31.27,5.14,N/A,49.67,45.99,0.65,33.28,0.18,-27.23,117,118
Angola,AGO,7456.12,0.591,N/A,-14.96,61.94,-47.03,3.09,9.91,2.43,-25.39,56.5,-25.15,52.98,-0.7,-1.1,-0.8,-0.57,37.91,20.53,N/A,47.9,N/A,0.38,5,0.24,-21.93,108,119
Cameroon,CMR,4938.39,0.587,-42.2,-3.28,60.71,-48.4,3.8,16.05,2.85,-10.55,79.05,-39.81,42.91,-1.14,-0.91,-1.14,-1.42,42.54,2.62,N/A,66.9,N/A,2.39,10.97,0.12,-5.8,121,120
Zambia,ZMB,3644.51,0.569,-51.5,-5.77,61.8,-39.93,6.47,N/A,3.55,-7.78,84.2,-24.31,60.03,-0.62,-0.74,-0.23,0.07,27.56,1.05,15,46.37,N/A,0.44,41.26,0.27,-34.23,130,121
Papua New Guinea,PNG,4232.27,0.568,N/A,-2.69,65.7,-34.43,2.31,N/A,1.42,-5.82,54.23,-17.31,79.1,-0.68,-0.83,0.01,-0.59,25.71,42.43,N/A,20.13,N/A,0.21,0.72,0.06,-27.37,126,122
Solomon Islands,SLB,2608.39,0.562,N/A,N/A,70.43,-16.2,4.78,N/A,8.69,-0.39,49.4,-13.95,90.11,-0.1,-0.74,0.38,0.49,43.95,N/A,N/A,75.07,N/A,0.12,0.15,N/A,-19.57,142,123
Syrian Arab Republic,SYR,4367.65,0.557,-26.6,N/A,72.17,-18.17,N/A,N/A,N/A,-25.46,1.1,-24.71,2.84,-1.77,-1.77,-1.9,-2.72,35.78,N/A,89,88.93,N/A,7.17,0.66,N/A,-31.93,123,124
Haiti,HTI,3196.07,0.552,N/A,N/A,63.66,-45.17,3.35,N/A,1.3,-3.45,76.5,-21.35,12.49,-1.42,-2.2,-1.04,-1.25,37.67,N/A,N/A,47.6,N/A,0.29,2.67,N/A,-47.9,133,125
Zimbabwe,ZWE,3518.95,0.55,N/A,-9.66,59.92,-35.5,2.87,9.72,N/A,-10.6,83.25,-19.49,44.97,-1.28,-1.26,-1.11,-0.96,31.44,1.71,N/A,50.6,26.52,1.39,27.21,0.18,-38.83,131,126
Uganda,UGA,2808.49,0.55,N/A,-3.42,63.06,-31.13,4.49,N/A,2.58,-7.2,91.17,-33.81,11.45,-1.05,-0.59,-0.76,-0.79,8.7,2.23,13.5,44.8,17.71,0.08,16.06,0.16,-36.93,138,127
Rwanda,RWA,2877.02,0.548,N/A,-13.76,66.66,-29.53,7.4,7.81,4.65,-1.6,80.33,-31.29,11.23,0.58,0.28,-0.97,0.08,29.22,5.82,14,48.17,N/A,0.29,9.11,N/A,-33.1,137,128
Niger,NGA,1703.23,0.548,-32.9,-0.4,61.7,-60.97,5.99,4.59,3.91,-2.75,80.75,-85.12,0.84,-0.6,-0.64,-0.49,-1.58,15.36,16.86,N/A,18.93,N/A,0.05,18.2,0.03,-12.6,148,129
Mauritania,MRT,6252.08,0.54,N/A,N/A,64.53,-32.2,3.75,5.95,2.2,-4.63,20.87,-70.82,0.3,-0.82,-0.78,-0.75,-0.57,43.08,3.36,N/A,47.37,N/A,0.36,1.08,0.22,-8.37,115,130
Pakistan,PAK,5593.06,0.54,N/A,-6.34,66.27,-52.53,2.93,11.6,1.9,-219.6,42.15,-43,4.78,-0.87,-0.55,-0.89,-1.82,25.62,1.68,382,94.8,49.57,1.23,9.79,N/A,-18.47,119,131
Cote d'Ivoire,CIV,6373.67,0.534,-35.3,-2.31,58.85,-53.83,3.38,10.44,3.51,-14.19,60,-49.5,8.57,-0.4,-0.44,-0.44,-0.74,37.73,4.24,N/A,70.47,43.77,1.16,14.94,0.17,-9.17,113,132
Tanzania,TZA,3650.52,0.532,N/A,-2.78,66.46,-31.07,3.15,5.47,3.21,-18.61,79.55,-25.08,51.11,-0.37,-0.58,-0.66,-0.28,29.08,2.79,N/A,42.8,11.02,2.14,31.08,0.13,-23.73,129,133
Lesotho,LSO,2686.54,0.521,N/A,N/A,53.6,-57.77,10.25,N/A,6.91,-0.82,37.23,-23.44,1.14,-0.34,-0.94,0.02,-0.27,43.72,0.07,N/A,49.3,27.87,0.34,0.5,0.15,#VALUE!,141,134
Senegal,SEN,4311.8,0.517,-36.2,-2.84,67.67,-29.03,4.75,16.02,5.76,-11.85,37.05,-63.74,41.7,0.02,0.02,0.19,-0.15,56.09,1.63,N/A,66.73,26.38,1.41,15.18,0.1,-4.6,124,135
Sudan,SDN,3173.34,0.516,N/A,-7.53,65.49,-38.1,2.93,N/A,N/A,-21.76,61.8,-45.83,9.74,-1.4,-1.72,-1.49,-2.05,27.59,N/A,153,61.57,N/A,0.06,2.75,N/A,-11.17,134,136
Djibouti,DJI,6292.01,0.515,N/A,N/A,62.62,-45.47,2.51,N/A,N/A,-0.76,27,-35.92,0.25,-0.78,-0.78,-1.32,-0.51,63.86,2.98,3,64.97,N/A,1.64,1.23,N/A,-12.37,114,137
Malawi,MWI,1702.22,0.508,N/A,-0.91,63.17,-30.93,7.21,N/A,N/A,-5.97,68.5,-23.7,23.33,-0.48,-0.83,0.05,-0.16,23.71,4.12,N/A,13.23,17.12,0.07,22.88,0.05,-19.43,149,138
Benin,BEN,3670.76,0.504,-34.4,-1.69,59.95,-55,2.53,10.56,3.23,-7.02,50.35,-51.05,27.36,-0.09,-0.23,-0.22,-0.38,28.87,3.31,N/A,46.5,N/A,0.18,23.48,0.2,-10.5,128,139
"Gambia, The",GMB,2907.57,0.495,-38.8,-6.48,62.53,-33.67,3.46,N/A,2.84,-0.6,48.7,-58.36,23.41,-0.34,-0.68,-0.1,0.08,49.56,1.61,N/A,63.77,47.09,0.2,2.89,0.09,-18.97,136,140
Ethiopia,ETH,2724.56,0.492,N/A,-3.94,65.33,-35,3.34,N/A,3.96,-16.85,90.65,-27.31,15.06,-0.43,-0.7,-1.05,-1.99,17.38,7.15,6,53.43,12.82,0.34,16.69,0.1,-22.9,139,141
Liberia,LBR,1671.21,0.487,N/A,N/A,60.93,-56.37,16.79,N/A,2.17,-1.62,93,-42.36,78.77,-0.91,-1.41,-0.01,-0.24,28.46,4.72,N/A,29.73,N/A,0.26,1.21,0.17,-38.07,150,142
Madagascar,MDG,1662.96,0.487,N/A,-3.19,64.97,-45.3,3.61,6.08,3.2,-3.82,83.8,-12.75,21.34,-0.98,-1.02,-0.29,-0.56,18.18,0.44,6,34.4,21.5,0.11,3.08,N/A,-38.73,151,143
Guinea-Bissau,GNB,2564.53,0.483,-33.4,-2.67,59.84,-50.07,8.62,N/A,N/A,-0.34,87.33,-50.21,70.11,-1.26,-1.46,-0.39,-0.43,29.43,N/A,N/A,35.53,23.72,0.2,13.25,0.21,-32.1,144,144
"Congo, Dem. Rep.",COD,1387.4,0.481,-44.7,-1.47,59.56,-61.87,3.92,6.67,2.76,-3.67,96.25,-26.65,55.16,-1.55,-1.73,-1.21,-1.87,24.42,0.44,72,20.8,11.38,0.03,13.76,0.18,-35.9,154,145
Guinea,GIN,3879.04,0.471,N/A,N/A,59.07,-63.7,3.82,6.25,2.15,-3.7,66.4,-43.77,25.02,-0.97,-0.94,-1.03,-0.83,31.54,N/A,N/A,46.4,N/A,0.01,25.73,0.02,-10.2,127,146
Afghanistan,AFG,2260.11,0.462,N/A,-8.69,62.48,-46.1,18.68,10.86,N/A,-7.99,19.4,-46.09,1.85,-1.25,-1.79,-1.56,-2.56,18.4,N/A,N/A,93.57,29.25,0.07,3.64,0.25,-29.17,146,147
Mozambique,MOZ,1532.12,0.461,N/A,-6.79,60.04,-50.03,8.31,N/A,6.43,-9.26,78.55,-20.08,46.42,-0.82,-0.77,-0.6,-1.27,19.67,2.09,28,31.77,N/A,0.21,17.98,0.08,-26.47,152,148
Sierra Leone,SLE,3019.65,0.458,N/A,N/A,60.08,-78.13,8.94,N/A,8.4,-1.07,72.6,-43.22,34.85,-0.5,-1.14,-0.15,-0.18,28.47,N/A,N/A,27.73,9.99,0,4.5,0.06,-28.27,135,149
Burkina Faso,BFA,2565.93,0.438,-37.4,-3.64,59.59,-51.27,6.44,9.24,5.22,-5.9,71.9,-58.47,22.54,-0.12,-0.79,-0.45,-1.76,17.88,2.75,N/A,19,N/A,0.07,16.42,0.11,-15.2,143,150
Burundi,BDI,857.9,0.42,-37.5,-1.03,61.74,-37.5,9.91,5.91,5,-0.86,83.17,-29.65,10.89,-1.56,-1.28,-1.42,-1.29,10.21,0.5,2,9.87,N/A,0.03,7.59,0.07,#VALUE!,156,151
Mali,MLI,2457.21,0.41,-35.7,-2.96,59,-61.47,3.97,N/A,4.12,-6.65,71.7,-56.78,10.9,-0.85,-1.18,-0.87,-2.44,30.61,N/A,N/A,52.33,N/A,0.85,7.53,0.2,-7.1,145,152
Nicaragua,NER,7356.03,0.394,N/A,N/A,73.42,-13.53,9.17,21.86,4.15,-5.26,51.3,-16.81,27.48,-1.28,-0.92,-1.28,-0.39,56.9,0.95,N/A,86.27,55.52,4.84,9.96,N/A,-19.17,109,153
Chad,TCD,1735.39,0.394,-37.4,N/A,52.77,-65.7,5.36,4.53,2.72,-2.35,70.6,-49.14,3.34,-1.47,-1.47,-1.43,-1.42,10.51,N/A,N/A,11.3,6.2,0,20.97,0.07,-33.5,147,154
Central African Republic,CAF,1168.28,0.387,-43,N/A,54.33,-75.17,9.03,N/A,2.04,-0.33,90.9,-34.43,35.75,-1.27,-1.71,-1.24,-2.19,9.57,11.88,N/A,15.6,6.13,0.01,18.06,0.02,-22.67,155,155
Somalia,SOM,1472.52,0.38,N/A,N/A,55.78,-69.83,N/A,N/A,N/A,-0.89,95.43,-24.53,9.41,-1.75,-2.06,-1.73,-2.53,20.83,N/A,N/A,49.37,N/A,0.69,0,N/A,-51.03,153,156